ID;character_name;build_name;artifact_set_1_label;artifact_set_1;artifact_set_2;artifact_set_3_label;artifact_set_3;artifact_set_4;artifact_set_5_label;artifact_set_5;artifact_set_6;artifact_set_7_label;artifact_set_7;artifact_set_8;artifact_set_9_label;artifact_set_9;artifact_set_10;sands_1;sands_2;sands_3;goblet_1;goblet_2;circlet_1;circlet_2;circlet_3;substats_1;substats_2;substats_3;substats_4;substats_5;flatstats_1;flatstats_2;er_min;er_max;note
1;Albedo;Geo Sub DPS;;Husk of Opulent Dreams;;;Golden Troupe;;;;;;;;;;;DEF%;;;Geo DMG Bonus;;CRIT Rate/DMG;;;CRIT Rate/DMG;DEF%;Energy Recharge;ATK%;;Flat DEF;;120;150;
2;Alhaitham;Dendro Main DPS;;Gilded Dreams;;One Per Party;Deepwood Memories;;With Furina;Marechaussee Hunter;;;;;;;;Elemental Mastery;ATK%;;Dendro DMG Bonus;;CRIT Rate/DMG;;;Elemental Mastery;CRIT Rate/DMG;ATK%;Energy Recharge;;Flat ATK;;130;200;Gilded Dreams >> Deepwood. Only put Deepwoon on him if really no one else in the party can use it. If you play quicken, aim for 200-300 EM before you go into crit. MH is also valid in Nilou Teams without Kirara
3;Aloy;Melt Sub DPS;Recommended Set;Emblem of Severed Fate;;Alternative Set;Gilded Dreams;;Alternative Sets;Blizzard Strayer;Wanderer's Troupe;Alternative Set;Lavawalker;;;;;ATK%;Elemental Mastery;Energy Recharge;Cryo DMG Bonus;;CRIT Rate/DMG;;;Energy Recharge;CRIT Rate/DMG;ATK%;Elemental Mastery;;Flat ATK;;125;165;do not farm lavawalker, only use leftover pieces
4;Aloy;Freeze & Mono Cryo Main DPS;Recommended Set;Blizzard Strayer;;With Furina;Marechaussee Hunter;;;;;;;;;;;ATK%;;;Cryo DMG Bonus;;CRIT DMG;CRIT Rate;;CRIT DMG;CRIT Rate;ATK%;Energy Recharge;;Flat ATK;;100;125;
5;Aloy;Support;For ATK Buffs;Noblesse Oblige;;For EM Buffs;Instructor;;;;;;;;;;;Energy Recharge;ATK%;;Cryo DMG Bonus;;CRIT Rate (Favonius);CRIT DMG;;Energy Recharge;CRIT Rate (Favonius);CRIT DMG;ATK%;;Flat ATK;;125;165;Do not prioritize her personal damage, only go for dmg substats once ER requirement is hit
6;Amber;Melt Main DPS;;Shimenawa's Reminiscence;;;Wanderer's Troupe;;;;;;;;;;;Elemental Mastery;ATK%;;Pyro DMG Bonus;;CRIT Rate/DMG;;;CRIT Rate/DMG;Elemental Mastery;ATK%;;;Flat ATK;;100;120;
7;Amber;C4 Bunny Bomber Melt DPS;;Crimson Witch of Flames;;;Gilded Dreams;;;;;;;;;;;Elemental Mastery;ATK%;;Pyro DMG Bonus;;CRIT Rate/DMG;;;CRIT Rate/DMG;Elemental Mastery;ATK%;;;Flat ATK;;100;120;
8;Amber;Burgeon Trigger;;Flower of Paradise Lost;;;Gilded Dreams;;;;;;;;;;;Elemental Mastery;;;Elemental Mastery;;Elemental Mastery;;;Elemental Mastery;;;;;;;100;100;
9;Amber;Support;For ATK Bufs;Noblesse Oblige;;For EM Buffs;Instructor;;;;;;;;;;;Energy Recharge;ATK%;;Pyro DMG Bonus;;CRIT Rate (Favonius);CRIT DMG;;Energy Recharge;CRIT Rate (Favonius);CRIT DMG;ATK%;;Flat ATK;;165;240;Niche build. Best played with Elegy of the End, also C6
10;Anemo Traveler;Swirl Sub DPS;;Viridescent Venerer;;;;;;;;;;;;;;Elemental Mastery;;;Elemental Mastery;;Elemental Mastery;;;Energy Recharge;Elemental Mastery;ATK%;CRIT Rate/DMG;;Flat ATK;;160;180;
11;Anemo Traveler;Anemo Sub DPS;;Viridescent Venerer;;;;;;;;;;;;;;ATK%;;;Anemo DMG Bonus;;CRIT Rate/DMG;;;Energy Recharge;ATK%;CRIT Rate/DMG;Elemental Mastery;;Flat ATK;;160;180;
12;Arataki Itto;Geo Main DPS;;Husk of Opulent Dreams;;;;;;;;;;;;;;DEF%;;;Geo DMG Bonus;;CRIT Rate/DMG;;;Energy Recharge;CRIT Rate/DMG;DEF%;ATK%;;Flat DEF;Flat ATK;115;145;
13;Arlecchino;Pyro Main DPS;Recommended Set;Fragment of Harmonic Whimsy;;Second Choice;Gladiator's Finale;;For Burning;Unfinished Reverie;;;;;;;;ATK%;EM (Vape/Melt);;Pyro DMG Bonus;;CRIT Rate/DMG;;;CRIT Rate/DMG;ATK%;EM (Vape/Melt);;;Flat ATK;;100;140;Add EM when playing Vaporize. Whimsy > Gladiator, but if you have great pieces, the latter can be valid. Reverie only works in burn teams but there can be as good as whimsy (and can be farmed together). Only build ER if you are playing her without a shielder and therefore require healing.
14;Baizhu;Healer/Support;Recommended Set;Deepwood Memories;;Non-Dendro Parties;Ocean-Hued Clam;;For EM Buffs;Instructor;;For ATK Buffs;Noblesse Oblige;;;;;HP%;Energy Recharge;;HP%;;HP%;Healing Bonus;;Energy Recharge;HP%;Flat HP;CRIT Rate (Favonius);;;;170;230;Many Dendro DPSs rely on having one party member wear Deepwood while not wanting to equip it themselves. Baizhu can be that party member. This is not for Baizhus own damage, cause it is neglible. HP circlet over healing bonus because it is more important to reach 50,000 HP
15;Barbara;Healer;Recommended Set;Ocean-Hued Clam;;For DMG Buffs;Scroll of the Hero of Cinder City;;Third Choice;Song of Days Past;;Fourth Choice;Maiden Beloved;;;;;HP%;;;HP%;;Healing Bonus;HP%;CRIT Rate (Favonius);HP%;Flat HP;Energy Recharge;CRIT Rate (Favonius);;;;100;100;
16;Barbara;Bloom DPS;Recommended Set;Flower of Paradise Lost;;Second Choice;Gilded Dreams;;;;;;;;;;;Elemental Mastery;;;Elemental Mastery;;Elemental Mastery;;;Elemental Mastery;HP%;Flat HP;;;;;100;100;Niche Build
17;Beidou;Electro Sub DPS;;Emblem of Severed Fate;;;Thundersoother;;;;;;;;;;;ATK%;Energy Recharge;;Electro DMG Bonus;;CRIT Rate/DMG;;;Energy Recharge;CRIT Rate/DMG;ATK%;EM (Quicken);;Flat ATK;;140;200;Thundersoother requires high elector uptime and is therefore only suitable for electro-charged or aggravate. Has higher ceiling tho.
18;Beidou;Aggravate Main DPS;;Thundering Fury;;;;;;;;;;;;;;ATK%;;;Electro DMG Bonus;;CRIT Rate/DMG;;;Energy Recharge;CRIT Rate/DMG;ATK%;Elemental Mastery;;Flat ATK;;110;170;
19;Bennett;Support/Healer;For ATK Buffs;Noblesse Oblige;;For EM Buffs;Instructor;;For DMG Buffs;Song of Days Past;;;;;;;;Energy Recharge;HP%;;HP%;;Healing Bonus;HP%;;Energy Recharge;HP%;Flat HP;;;;;200;250;
20;Bennett;Support/DPS;Recommended Set;Noblesse Oblige;;As On-Field DPS;Crimson Witch of Flames;;;;;;;;;;;ATK%;Elemental Mastery;;Pyro DMG Bonus;;CRIT Rate/DMG;;;Energy Recharge;CRIT Rate/DMG;ATK%;Elemental Mastery;HP%;Flat ATK;Flat HP;200;250;
21;Candace;Support;For ATK Buffs;Noblesse Oblige;;For DMG Buffs;Scroll of the Hero of Cinder City;;;;;;;;;;;Energy Recharge;HP%;;HP%;;CRIT Rate (Favonius);HP%;;Energy Recharge;CRIT Rate (Favonius);HP%;CRIT DMG;;Flat HP;;250;300;NO is a generalist support for atk scaling, scroll buffs elemental damage based on reactions
22;Candace;Hydro Sub DPS;;Emblem of Severed Fate;;;;;;;;;;;;;;Energy Recharge;HP%;;Hydro DMG Bonus;HP%;CRIT Rate (Favonius);CRIT DMG;HP%;Energy Recharge;CRIT Rate (Favonius);CRIT DMG;HP%;;Flat HP;;250;300;becomes more valid at C6
23;Candace;Hydro Main DPS;Recommended Set;Nymph's Dream;;Second Choice;Heart of Depth;;Second Choice;Gladiator's Finale;;;;;;;;ATK%;Energy Recharge;;Hydro DMG Bonus;;CRIT Rate/DMG;;;CRIT Rate/DMG;ATK%;HP%;Energy Recharge;;Flat ATK;Flat HP;180;280;
24;Charlotte;Healer/Support;;Noblesse Oblige;;;Tenacity of the Millelith;;;Song of Days Past;;;;;;;;Energy Recharge;ATK%;;ATK%;;Healing Bonus;CRIT Rate (Favonius);;Energy Recharge;CRIT Rate (Favonius);ATK%;Flat ATK;;;;180;230;Recommended build for meta, but if you are scared of dying go for the pure healer build
25;Charlotte;Healer;;Emblem of Severed Fate;Gladiator's Finale;;Ocean-Hued Clam;;;;;;;;;;;Energy Recharge;ATK%;;ATK%;;Healing Bonus;CRIT Rate (Favonius);;Energy Recharge;CRIT Rate (Favonius);ATK%;Flat ATK;;;;180;230;Putting a healing bonus in the 2pc mix is also valid
26;Charlotte;Cryo Sub DPS;;Golden Troupe;;;Blizzard Strayer;;;;;;;;;;;ATK%;Energy Recharge;;Cryo DMG Bonus;ATK%;CRIT Rate/DMG;;;CRIT Rate/DMG;ATK%;Energy Recharge;;;Flat ATK;;160;200;Crit rate lowered if blizzard strayer and/or cryo resonance
27;Chasca;Anemo Main DPS;Recommended Set;Obsidian Codex;;;;;;;;;;;;;;ATK%;Elemental Mastery;;ATK%;;CRIT DMG;;;CRIT DMG;ATK%;Elemental Mastery;CRIT Rate;;Flat ATK;;100;100;obsidian > MH. ATK sands > EM
28;Chevreuse;Overload Support;For ATK Buffs;Noblesse Oblige;;For DMG Buffs;Scroll of the Hero of Cinder City;;DMG Buff Alternative;Song of Days Past;;;;;;;;HP%;Energy Recharge;;HP%;;HP%;Healing Bonus;;Energy Recharge;HP%;Flat HP;CRIT Rate (Favonius);;;;170;200;Song of Days past is a valid alternative when someone else on the team is already using noblesse and is best used by a C6 Chevreuse. Burst is irrelevant to her buff, so the player can choose to not include it in their rotation, when not using Noblesse
29;Chevreuse;Overload Sub DPS;Recommended Set;Emblem of Severed Fate;;Second Choice;Golden Troupe;;;;;;;;;;;ATK%;Energy Recharge;;Pyro DMG Bonus;;CRIT Rate (Favonius);CRIT DMG;;Energy Recharge;CRIT Rate (Favonius);CRIT DMG;ATK%;HP%;Flat ATK;Flat HP;170;200;Emblem is the best option for Chev's personal damage, however, Golden Troupe can also work for a C4+ when she uses all 3 skill charges
30;Chiori;Geo Sub DPS;;Golden Troupe;;;Husk of Opulent Dreams;;;;;;;;;;;DEF%;;;Geo DMG Bonus;DEF%;CRIT Rate/DMG;DEF%;;CRIT Rate/DMG;DEF%;ATK%;;;Flat DEF;Flat ATK;100;100;do not run triple DEF%, husk preferable at C6
31;Chongyun;Cryo Sub DPS;For Burnmelt;Unfinished Reverie;;For Burst DMG;Emblem of Severed Fate;;For Burst DMG;Noblesse Oblige;Blizzard Strayer;For ATK Buffs;Noblesse Oblige;;;;;ATK%;EM (Melt);;Cryo DMG Bonus;;CRIT Rate/DMG;;;Energy Recharge;CRIT Rate/DMG;ATK%;EM (Melt);;Flat ATK;;150;175;
32;Chongyun;Cryo Main DPS;;Blizzard Strayer;;;Blizzard Strayer;Gladiator's Finale;;;;;;;;;;ATK%;;;Cryo DMG Bonus;;CRIT DMG;CRIT Rate;;CRIT DMG;CRIT Rate;ATK%;Elemental Mastery;;Flat ATK;;125;150;
33;Citlali;Shielder/Support [Preliminary];;Scroll of the Hero of Cinder City;;;;;;;;;;;;;;Elemental Mastery;;;Elemental Mastery;;Elemental Mastery;;;Energy Recharge;Elemental Mastery;CRIT Rate/DMG;ATK%;;Flat ATK;;130;180;
34;Clorinde;Electro Main DPS;Recommended Set;Fragment of Harmonic Whimsy;;In Dendro Teams;Thundering Fury;;;;;;;;;;;ATK%;Elemental Mastery;;Electro DMG Bonus;;CRIT DMG;CRIT Rate;;CRIT DMG;CRIT Rate;ATK%;Elemental Mastery;;Flat ATK;;100;100;TF deals lower damage than whimsy but the shortening of the skill cooldown may help Clorinde to sync better with her team mates in a quicken/hyperbloom team. EM is good in dendro teams. Make sure to take A4 passive into account when planning your crit values.
35;Collei;Support;Recommended Set;Deepwood Memories;;For ATK Buffs;Noblesse Oblige;;For DMG Buffs;Scroll of the Hero of Cinder City;;For EM Buffs;Instructor;;;;;Energy Recharge;ATK%;Elemental Mastery;Dendro DMG Bonus;Elemental Mastery;CRIT Rate (Favonius);CRIT DMG;Elemental Mastery;Energy Recharge;CRIT Rate (Favonius);CRIT DMG;Elemental Mastery;ATK%;Flat ATK;;180;200;Crit/DPS stats generally safe bet for collei but depending on your party, EM might be the better way to go
36;Cyno;Electro Main DPS;Recommended Set;Thundering Fury;;With Signature Weapon;Gilded Dreams;;;;;;;;;;;Elemental Mastery;ATK%;Energy Recharge;Electro DMG Bonus;Elemental Mastery;CRIT Rate/DMG;Elemental Mastery;;Energy Recharge;CRIT Rate/DMG;Elemental Mastery;ATK%;;Flat ATK;;140;160;Gilded Dreams increases ER requirement by ~40%, EM then becomes more valuable then
37;Dehya;Pyro Main DPS;Recommended Set;Emblem of Severed Fate;;Alternative Set;Vourukasha's Glow;;With Furina;Marechaussee Hunter;;With Emilie;Unfinished Reverie;;;;;ATK%;Energy Recharge;HP% (C1);Pyro DMG Bonus;;CRIT Rate/DMG;;;CRIT Rate/DMG;Energy Recharge;ATK%;HP%;EM (Vape/Melt);Flat ATK;Flat HP;165;230;HP become a relevant stat from C1 onwards, Vourokasha becomes equal or better at C4 or higher. Benny is one of her best party members and without him, the ER floor is raised to 180%
38;Dehya;Burgeon Trigger;Recommended Set;Flower of Paradise Lost;;Alternative Set;Gilded Dreams;;;;;;;;;;;Elemental Mastery;;;Elemental Mastery;;Elemental Mastery;;;Elemental Mastery;HP%;Flat HP;;;;;100;100;Flower is technically the better set but by such a small margin that it does not justify farming it. 2pc options can be on par with great substats (wanderer can also be flower)
39;Dehya;Support;For ATK Buffs;Tenacity of the Millelith;;For DMG Buffs;Scroll of the Hero of Cinder City;;For EM Buffs;Instructor;;;;;;;;ATK%;HP% (C1);;Pyro DMG Bonus;;CRIT Rate/DMG;;;CRIT Rate/DMG;ATK%;HP%;Elemental Mastery;;Flat ATK;Flat HP;100;100;
40;Dendro Traveler;Dendro Sub DPS;Recommended Set;Deepwood Memories;;Second Choice;Gilded Dreams;;Second Choice;Emblem of Severed Fate;;;;;;;;Energy Recharge;Elemental Mastery;ATK%;Dendro DMG Bonus;;CRIT Rate (Favonius);CRIT DMG;;Energy Recharge;CRIT Rate (Favonius);CRIT DMG;Elemental Mastery;ATK%;Flat ATK;;200;260;Use deepwood unless someone else has it
41;Dendro Traveler;Support;Recommended Set;Deepwood Memories;;For ATK Buffs;Noblesse Oblige;;For DMG Buffs;Scroll of the Hero of Cinder City;;For EM Buffs;Instructor;;;;;Energy Recharge;;;Dendro DMG Bonus;;CRIT Rate (Favonius);CRIT DMG;;Energy Recharge;CRIT Rate (Favonius);CRIT DMG;Elemental Mastery;ATK%;;;200;260;deepwood still valid as support, however noblesse is a good allrounder
42;Diluc;Pyro Main DPS;Recommended Set;Crimson Witch of Flames;;Second Choice;Gilded Dreams;;With Furina;Marechaussee Hunter;;;;;;;;ATK%;Elemental Mastery;;Pyro DMG Bonus;;CRIT Rate/DMG;;;CRIT Rate/DMG;Elemental Mastery;ATK%;Energy Recharge;;Flat ATK;;100;120;Witch is better than gilded but with good substats gilded can also be good and is easier to farm. Sets assume you play vape/melt
43;Diona;Healer/Shielder;For ATK Buffs;Noblesse Oblige;;Better Heals & Shields;Tenacity of the Millelith;Ocean-Hued Clam;For EM Buffs;Instructor;;;;;;;;HP%;Energy Recharge;;HP%;;HP%;Healing Bonus;CRIT Rate (Favonius);Energy Recharge;HP%;Flat HP;CRIT Rate (Favonius);;;;170;250;ER only required for noblesse, at C0 200+
44;Dori;Support/Healer;For ATK Buffs;Noblesse Oblige;;For DMG Buffs;Scroll of the Hero of Cinder City;;;;;;;;;;;Energy Recharge;HP%;;HP%;;Healing Bonus;;;Energy Recharge;CRIT Rate (Favonius);HP%;Flat HP;;;;180;260;
45;Dori;Hyperbloom Trigger;Recommended Set;Flower of Paradise Lost;;Alternative Set;Gilded Dreams;;;;;;;;;;;Elemental Mastery;Energy Recharge;;Elemental Mastery;;Elemental Mastery;;;Energy Recharge;Elemental Mastery;CRIT Rate (Favonius);HP%;;Flat HP;;180;260;When playing Dori for Hyperbloom she will sometimes also trigger Aggravate/Electro-Charged damage on the side. Gilded dreams buffs all of these maximizing her damage output. FoPL is an alternative but will only focus on the hyperbloom damage.
46;Dori;C6 Aggravate DPS;Recommended Set;Thundering Fury;;Alternative Set;Gilded Dreams;;With Furina;Marechaussee Hunter;;;;;;;;Elemental Mastery;Energy Recharge;;Electro DMG Bonus;Elemental Mastery;CRIT Rate/DMG;;;CRIT Rate/DMG;Elemental Mastery;ATK%;Energy Recharge;;Flat ATK;;100;170;ER depends on playstyle, either very low or relatively high
47;Electro Traveler;Support;;Emblem of Severed Fate;;;Noblesse Oblige;;;;;;;;;;;Energy Recharge;;;Electro DMG Bonus;Elemental Mastery;CRIT Rate/DMG;Elemental Mastery;;Energy Recharge;CRIT Rate/DMG;Elemental Mastery;ATK%;;Flat ATK;;130;200;Battery = Energy Generator for others (in this case with skill), Emblem does this best while noblesse (worse) is for buffing with burst. Prioritize ER substats
48;Emilie;Burning Sub DPS;Recommended Set;Unfinished Reverie;;One Per Party;Deepwood Memories;;;;;;;;;;;ATK%;;;Dendro DMG Bonus;;CRIT Rate/DMG;;;CRIT Rate/DMG;ATK%;Energy Recharge;;;Flat ATK;;100;120;Emilie can wear Deepwood if she is paired with another dendro and no one else can wear it
49;Eula;Physical Main DPS;Recommended Set;Pale Flame;;Alternative Set;Pale Flame;Bloodstained Chivalry;With Furina;Marechaussee Hunter;;Furina's Second Choice;Vermillion Hereafter;;;;;ATK%;;;Physical DMG Bonus;;CRIT Rate/DMG;;;Energy Recharge;CRIT Rate/DMG;ATK%;;;Flat ATK;;130;150;you wanna play her with an electro for superconduct .2pc combinations can outperform when very good substats, instead of another phys. DMG it is also valid to choose ATK or ER
50;Faruzan;Support;For ATK Buffs;Noblesse Oblige;;For RES Shred;Viridescent Venerer;;;;;;;;;;;Energy Recharge;ATK%;;ATK%;Anemo DMG Bonus;CRIT Rate (Favonius);;;Energy Recharge;CRIT Rate (Favonius);;;;;;275;300;prioritize ER over main stats
51;Faruzan;C6 Support;Recommended Set;Tenacity of the Millelith;;Second Choice;Golden Troupe;;;;;;;;;;;Energy Recharge;ATK%;;Anemo DMG Bonus;;CRIT Rate (Favonius);CRIT DMG;;Energy Recharge;CRIT Rate (Favonius);CRIT DMG;ATK%;;Flat ATK;;175;200;if you cant use tenacity, you can use GT
52;Fischl;Electro Sub DPS;;Golden Troupe;;;;;;;;;;;;;;ATK%;EM (Quicken);;Electro DMG Bonus;;CRIT Rate/DMG;;;CRIT Rate/DMG;Energy Recharge;ATK%;EM (Quicken);;Flat ATK;;120;170;EM builds prefer to be used for aggravate but is still valid if spread happens
53;Fischl;Physchl – Physical Main DPS;Recommended Set;Pale Flame;;Second Choice;Pale Flame;Bloodstained Chivalry;;;;;;;;;;ATK%;;;Physical DMG Bonus;;CRIT Rate/DMG;;;Energy Recharge;CRIT Rate/DMG;ATK%;;;Flat ATK;;120;170;Meme build. 4pc pale flame requires maximum Oz uptime. 2pc combination gets better at C1, when played with Oz not on field, ER can also be foregone then
54;Freminet;Physical Main DPS;;Pale Flame;;With Furina;Marechaussee Hunter;;;;;;;;;;;ATK%;Energy Recharge;;Physical DMG Bonus;;CRIT Rate/DMG;;;Energy Recharge;CRIT Rate/DMG;ATK%;;;Flat ATK;;155;195;
55;Freminet;Cryo Main DPS;;Blizzard Strayer;;With Furina;Marechaussee Hunter;;;;;;;;;;;ATK%;Energy Recharge;;Cryo DMG Bonus;;CRIT DMG;CRIT Rate;;Energy Recharge;CRIT DMG;CRIT Rate;ATK%;;Flat ATK;;160;200;Playing with Furina and using MH is the best option for Cryo Freminet. If for some reason you cant/wont pair him with her, use Blizzard Strayer.
56;Furina;Hydro Sub DPS;;Golden Troupe;;;;;;;;;;;;;;HP%;Energy Recharge;;HP%;Hydro DMG Bonus;CRIT Rate/DMG;;;CRIT Rate/DMG;HP%;Energy Recharge;Elemental Mastery;;Flat HP;;150;210;at C6 this build can also be used for an on-field playstyle
57;Furina;Support;;Tenacity of the Millelith;;;;;;;;;;;;;;Energy Recharge;HP%;;HP%;Hydro DMG Bonus;CRIT Rate/DMG;;;Energy Recharge;HP%;CRIT Rate/DMG;;;Flat HP;;150;210;
58;Furina;Healer;;Ocean-Hued Clam;;;;;;;;;;;;;;HP%;Energy Recharge;;HP%;;Healing Bonus;HP%;;HP%;Energy Recharge;Flat HP;;;;;150;210;
59;Gaming;Pyro Main DPS;Recommended Set;Marechaussee Hunter;;For Vape/Melt;Crimson Witch of Flames;;;;;;;;;;;ATK%;EM (Vape/Melt);;Pyro DMG Bonus;;CRIT Rate/DMG;;;Energy Recharge;CRIT Rate/DMG;EM (Vape/Melt);ATK%;;Flat ATK;;145;190;Crimson Witch is on par with Marechausee
60;Ganyu;Freeze & Mono Cryo DPS;;Blizzard Strayer;;;;;;;;;;;;;;ATK%;;;Cryo DMG Bonus;;CRIT DMG;ATK%;;Energy Recharge;CRIT DMG;ATK%;CRIT Rate;;Flat ATK;;140;170;crit rate not higher on freeze than 45%, or 65% for mono cryo
61;Ganyu;Melt Main DPS;Recommended Set;Wanderer's Troupe;;Second Choice;Shimenawa's Reminiscence;;;;;;;;;;;Elemental Mastery;ATK%;;Cryo DMG Bonus;;CRIT Rate/DMG;;;Elemental Mastery;CRIT Rate/DMG;ATK%;;;Flat ATK;;100;100;
62;Geo Traveler;Geo Sub DPS;Recommended Set;Husk of Opulent Dreams;;Alternative Set;Nighttime Whispers in the Echoing Woods;;Alternative Set;Emblem of Severed Fate;;;;;;;;ATK%;;;Geo DMG Bonus;;CRIT Rate/DMG;;;CRIT Rate/DMG;ATK%;Energy Recharge;;;Flat ATK;;120;140;
63;Geo Traveler;Support;For ATK Buffs;Noblesse Oblige;;For DMG Buffs;Archaic Petra;;DMG Buff Alternative;Scroll of the Hero of Cinder City;;;;;;;;Energy Recharge;;;Geo DMG Bonus;;CRIT Rate/DMG;;;Energy Recharge;CRIT Rate (Favonius);ATK%;Flat ATK;CRIT DMG;;;180;220;
64;Gorou;Support;For ATK Buffs;Noblesse Oblige;;For Energy;The Exile;;Third Choice;Husk of Opulent Dreams;Emblem of Severed Fate;;;;;;;Energy Recharge;;;DEF%;Geo DMG Bonus;CRIT Rate (Favonius);DEF%;;Energy Recharge;CRIT Rate (Favonius);DEF%;Flat DEF;;;;220;250;Gorou is a buffer and should not be optimized for his personal damage, instead go for ER, you can even ignore the mainstats if necessary. Finding the right set is tricky cause noblesse is not as helpfulf to def sclaing chars, but the exile is only a 4star. Husk is the least recommended option, but you often have husk from farming for his other team members anyway AND it boosts the healing from C4.
65;Hu Tao;Pyro Main DPS;Recommended Set;Crimson Witch of Flames;;Alternative Set;Shimenawa's Reminiscence;;Alternative Set;Gilded Dreams;;With Furina;Marechaussee Hunter;;;;;Elemental Mastery;HP%;;Pyro DMG Bonus;;CRIT Rate/DMG;;;CRIT Rate/DMG;Elemental Mastery;HP%;ATK%;;Flat HP;Flat ATK;100;110;Shimenawa boosts attacks and charged attacks but means less burst. EM has soft caps that should be reached (see kqm)
66;Hydro Traveler;Support;For ATK Buffs;Noblesse Oblige;;ATK Buff Alternative;Tenacity of the Millelith;;For EM Buffs;Instructor;;;;;;;;Energy Recharge;AKT%;;Hydro DMG Bonus;;CRIT Rate (Favonius);CRIT DMG;;Energy Recharge;CRIT Rate (Favonius);CRIT DMG;ATK%;;Flat ATK;;200;275;[Any character can be a support if you just equip them with Noblesse Oblige and let them burst. Even the Hydro Traveler.] can forgo ER if not holding NO
67;Hydro Traveler;Hydro Main DPS;;Marechaussee Hunter;;;Golden Troupe;;;;;;;;;;;ATK%;EM (Vaporize);;Hydro DMG Bonus;;CRIT Rate/DMG;;;CRIT Rate/DMG;ATK%;EM (Vaporize);HP%;;Flat ATK;Flat HP;100;100;Personal damage is not the hydro travelers stregth. Due to the clunkiness of the burst, it is not worht investing.
68;Hydro Traveler;Nilou Bloom DPS;Recommended Set;Flower of Paradise Lost;;Alternative Set;Gilded Dreams;;Second Choice;Flower of Paradise Lost;Gilded Dreams;;;;;;;Elemental Mastery;Energy Recharge;;Elemental Mastery;;Elemental Mastery;;;Energy Recharge;Elemental Mastery;HP%;Flat HP;;;;200;275;building ER optional, depending on if you want to use the burst for hydro application
69;Jean;Healer/Support;Recommended Set;Viridescent Venerer;;Second Choice;Noblesse Oblige;;Third Choice;Ocean-Hued Clam;;;;;;;;Energy Recharge;ATK%;;ATK%;Anemo DMG Bonus;Healing Bonus;CRIT Rate (Favonius);;Energy Recharge;ATK%;CRIT Rate (Favonius);Elemental Mastery;;Flat ATK;;140;200;VV is best due to resistance shred. If someone else is already using VV, pair it with gladiator to maximize Jean's damage output
70;Jean;Sunfire DPS;;Viridescent Venerer;;;;;;;;;;;;;;Elemental Mastery;Energy Recharge;;Elemental Mastery;;Elemental Mastery;;;Energy Recharge;Elemental Mastery;CRIT Rate (Favonius);;;;;160;200;Sunfire abuses the Pyro self-application from Bennett’s Burst, which is Swirled by the Anemo self-application from Jean’s Burst.
71;Kachina;Support;;Scroll of the Hero of Cinder City;;;;;;;;;;;;;;DEF%;;;Geo DMG Bonus;;CRIT Rate/DMG;;;CRIT Rate/DMG;DEF%;Energy Recharge;;;Flat DEF;;100;120;
72;Kaedehara Kazuha;Support;;Viridescent Venerer;;;;;;;;;;;;;;Elemental Mastery;Energy Recharge;;Elemental Mastery;;Elemental Mastery;;;Energy Recharge;Elemental Mastery;CRIT Rate (Favonius);;;;;190;215;
73;Kaeya;Melt Sub DPS;For Burnmelt;Unfinished Reverie;;For Melt;Emblem of Severed Fate;;Melt Alternative;Lavawalker;;;;;;;;ATK%;Elemental Mastery;Energy Recharge;Cryo DMG Bonus;;CRIT Rate/DMG;;;Energy Recharge;CRIT Rate/DMG;ATK%;Elemental Mastery;;Flat ATK;;140;220;Burnmelt yields most damage and is therefore preferable playstyle
74;Kaeya;Freeze Sub DPS;Recommended Set;Blizzard Strayer;;;;;;;;;;;;;;ATK%;;;Cryo DMG Bonus;;CRIT DMG;CRIT Rate;;Energy Recharge;ATK%;CRIT DMG;CRIT Rate;;Flat ATK;;115;130;
75;Kamisato Ayaka;Cryo Main DPS;;Blizzard Strayer;;;;;;;;;;;;;;ATK%;;;Cryo DMG Bonus;;CRIT DMG;ATK%;;Energy Recharge;CRIT DMG;CRIT Rate;ATK%;;Flat ATK;;140;160;Amenoma R5 lowers ER to 100-110
76;Kamisato Ayato;Hydro Main DPS;Recommended Set;Echoes of an Offering;;Alternative Set;Heart of Depth;;Alternative Set;Nymph's Dream;;Alternative Set;Gladiator's Finale;;With Furina;Marechaussee Hunter;;ATK%;Energy Recharge;;Hydro DMG Bonus;;CRIT Rate/DMG;;;Energy Recharge;CRIT Rate/DMG;ATK%;HP%;;Flat ATK;Flat HP;130;160;ER sands valid in an off-field burst playstyle
77;Kaveh;Bloom Driver;Recommended Set;Deepwood Memories;;Alternative Set;Ocean-Hued Clam;;Third Choice;Instructor;;;;;;;;Energy Recharge;Elemental Mastery;;Elemental Mastery;;Elemental Mastery;Healing Bonus;CRIT Rate (Favonius);Energy Recharge;CRIT Rate (Favonius);Elemental Mastery;;;;;175;245;Deepwood is generalist, but if already worn by someone else Clam makes best use of Kavehs self-healing. At C1 it even performs higher. healing bonus with clam. However, only one clam bubble can be active (e.g. with kokosmilch). instructor comes at cost of being 4star but there are constellations where the first two will already be taken up by others (kokosmilch, nahihi)
78;Keqing;Aggravate Main DPS;Recommended Set;Thundering Fury;;Alternative Set;Thundersoother;;With Furina;Marechaussee Hunter;;;;;;;;ATK%;Elemental Mastery;;Electro DMG Bonus;;CRIT Rate/DMG;;;CRIT Rate/DMG;ATK%;Elemental Mastery;;;Flat ATK;;100;100;Thundersoother as good as thundering fury
79;Keqing;Electro Main DPS;Generalist Set;Thundering Fury;Gladiator's Finale;With High Uptime;Thundersoother;;With Furina;Marechaussee Hunter;;;;;;;;ATK%;;;Electro DMG Bonus;;CRIT Rate/DMG;;;CRIT Rate/DMG;ATK%;Flat ATK;;;;;100;100;
80;Kinich;Dendro Main DPS;Recommended Set;Obsidian Codex;;Burning Only;Unfinished Reverie;;;;;;;;;;;ATK%;;;Dendro DMG Bonus;;CRIT DMG;CRIT Rate;;CRIT DMG;CRIT Rate;ATK%;Energy Recharge;;Flat ATK;;100;100;Reverie can only do burning reactions, whereas obsidian can also do burgeon. With OC make sure to not overshoot Crate
81;Kirara;Shielder;;Tenacity of the Millelith;Vourukasha's Glow;;Tenacity of the Millelith;;;;;;;;;;;HP%;;;HP%;;HP%;;;HP%;Flat HP;;;;;;100;100;
82;Kirara;Support;For ATK Buffs;Noblesse Oblige;;For DMG Buffs;Scroll of the Hero of Cinder City;;For EM Buffs;Instructor;;For Dendro Parties;Deepwood Memories;;;;;Energy Recharge;HP%;;HP%;;HP%;CRIT Rate (Favonius);;Energy Recharge;CRIT Rate (Favonius);HP%;Flat HP;;;;120;160;ER not relevant for Instructor
83;Klee;Pyro Main DPS;For Vape/Melt;Crimson Witch of Flames;;Generalist Alternative;Crimson Witch of Flames;Gladiator's Finale;With Furina;Marechaussee Hunter;;;;;;;;ATK%;EM (Vape/Melt);;Pyro DMG Bonus;;CRIT Rate/DMG;;;CRIT Rate/DMG;ATK%;EM (Vape/Melt);;;Flat ATK;;110;140;Witch assumes vape/melt. Mono Pyro can be very strong if played in the right team (e.g. with Benny, Xiangling, Kazuha)
84;Klee;Transformative Reaction DPS;Recommended Set;Gilded Dreams;;For Burgeon;Flower of Paradise Lost;;Third Choice;Gilded Dreams;Wanderer's Troupe;;;;;;;Elemental Mastery;;;Elemental Mastery;;Elemental Mastery;;;Elemental Mastery;Energy Recharge;;;;;;100;140;This build focusses on DPS through transformative reactions (i.e. burgeon, burning and overloaded). Not necessary to build ER but you also have no better substats.
85;Kujou Sara;Electro Sub DPS;;Emblem of Severed Fate;;;;;;;;;;;;;;Energy Recharge;ATK%;;Electro DMG Bonus;;CRIT Rate/DMG;;;Energy Recharge;CRIT Rate/DMG;ATK%;;;Flat ATK;;170;250;
86;Kujou Sara;Support;For ATK Buffs;Noblesse Oblige;;For DMG Buffs;Scroll of the Hero of Cinder City;;;;;;;;;;;Energy Recharge;ATK%;;Electro DMG Bonus;;CRIT Rate/DMG;;;Energy Recharge;CRIT Rate/DMG;ATK%;;;Flat ATK;;170;250;
87;Kuki Shinobu;Hyperbloom Trigger;;Flower of Paradise Lost;;;Gilded Dreams;;;;;;;;;;;Elemental Mastery;;;Elemental Mastery;;Elemental Mastery;;;Elemental Mastery;Energy Recharge;HP%;Flat HP;;;;100;100;Flower is better, but gilded dreams is easier to farm because you need Deepwood for the team anyway
88;Kuki Shinobu;Healer/Support;For ATK Buffs;Tenacity of the Millelith;;For DMG Buffs;Scroll of the Hero of Cinder City;;;;;;;;;;;HP%;Elemental Mastery;;HP%;Elemental Mastery;Healing Bonus;HP%;;HP%;Flat HP;Elemental Mastery;Energy Recharge;;;;100;100;
89;Lan Yan;Shielder/Support [Preliminary];;Viridescent Venerer;;;;;;;;;;;;;;ATK%;;;ATK%;;ATK%;;;Energy Recharge;ATK%;Elemental Mastery;Flat ATK;;;;120;130;
90;Layla;Shielder/Support;Recommended Set;Tenacity of the Millelith;;Second Choice;Scroll of the Hero of Cinder City;;;;;;;;;;;HP%;Energy Recharge;;HP%;;HP%;CRIT Rate (Favonius);;HP%;Flat HP;Energy Recharge;CRIT Rate (Favonius);;;;150;220;scroll if you cant make use of the atk buff but wanna buff cryo+something (at expense of shield strength)
91;Layla;Cryo Sub DPS;Recommended Set;Blizzard Strayer;;Second Choice;Tenacity of the Millelith;;Third Choice;Emblem of Severed Fate;;;;;;;;HP%;Energy Recharge;;Cryo DMG Bonus;;CRIT DMG;CRIT Rate;;Energy Recharge;CRIT DMG;CRIT Rate;HP%;;Flat HP;;130;220;Blizzard ideal for freeze/mono cryo, otherwise tenacity but if ATK buff not helpful (e.g. Hu Tao), then emblem is an option. C2 lowers ER requirement
92;Lisa;Aggravate Main DPS;Recommended Set;Thundering Fury;;Alternative Set;Thundersoother;;;;;;;;;;;ATK%;Elemental Mastery;;Electro DMG Bonus;;CRIT Rate/DMG;;;CRIT Rate/DMG;ATK%;Elemental Mastery;Energy Recharge;;Flat ATK;;110;150;
93;Lisa;Transformative Reaction DPS;Recommended Set;Gilded Dreams;;For Hyperbloom;Flower of Paradise Lost;;;;;;;;;;;Energy Recharge;Elemental Mastery;;Elemental Mastery;;Elemental Mastery;;;Energy Recharge;Elemental Mastery;CRIT Rate (Favonius);;;;;160;220;
94;Lisa;Electro Sub DPS;;Emblem of Severed Fate;;;;;;;;;;;;;;Energy Recharge;ATK%;Elemental Mastery;Electro DMG Bonus;;CRIT Rate/DMG;;;Energy Recharge;CRIT Rate/DMG;ATK%;Elemental Mastery;;Flat ATK;;180;210;
95;Lisa;Support;For ATK Buffs;Noblesse Oblige;;For DMG Buffs;Scroll of the Hero of Cinder City;;For EM Buffs;Instructor;;;;;;;;Energy Recharge;;;Electro DMG Bonus;;CRIT Rate/DMG;;;Energy Recharge;CRIT Rate/DMG;ATK%;Elemental Mastery;;Flat ATK;;200;300;
96;Lynette;Anemo Sub DPS;Recommended Set;Viridescent Venerer;;Alternative Set;Emblem of Severed Fate;;For Xiao;Noblesse Oblige;;;;;;;;Energy Recharge;ATK%;;Anemo DMG Bonus;ATK%;CRIT Rate/DMG;;;Energy Recharge;CRIT Rate/DMG;ATK%;Elemental Mastery;;Flat ATK;;140;200;VV as generalist, but if not needed in team, Emblem for maximizing own damage. NO can be used to buff, especially when paired with Xiao
97;Lynette;Swirl Sub DPS;;Viridescent Venerer;;;;;;;;;;;;;;Energy Recharge;Elemental Mastery;;Elemental Mastery;;Elemental Mastery;;;Energy Recharge;Elemental Mastery;CRIT Rate (Favonius);;;;;140;200;
98;Lynette;C6 Swirl Driver;Recommended Set;Marechaussee Hunter;;For Swirl Damage;Viridescent Venerer;;;;;;;;;;;ATK%;;;Anemo DMG Bonus;;CRIT Rate/DMG;;;CRIT Rate/DMG;ATK%;Energy Recharge;Elemental Mastery;;Flat ATK;;140;170;Use MH to increase personal damage or VV if you are swirling the element of strong off-field dps's
99;Lyney;Pyro Main DPS;;Marechaussee Hunter;;;;;;;;;;;;;;ATK%;EM (Vape/Melt);;Pyro DMG Bonus;;CRIT Rate/DMG;;;CRIT Rate/DMG;ATK%;EM (Vape/Melt);Energy Recharge;;Flat ATK;;120;135;
100;Mavuika;Pyro DPS [Preliminary];Recommended Set;Obsidian Codex;;With Furina;Marechaussee Hunter;;;;;;;;;;;Elemental Mastery;ATK%;;Pyro DMG Bonus;;CRIT Rate/DMG;;;CRIT Rate/DMG;Elemental Mastery;ATK%;;;Flat ATK;;100;100;
101;Mika;Healer/Support;Recommended Set;Noblesse Oblige;;Second Choice;Ocean-Hued Clam;;Second Choice;Song of Days Past;;;;;;;;Energy Recharge;HP%;;HP%;;Healing Bonus;HP%;CRIT Rate (Favonius);Energy Recharge;CRIT Rate (Favonius);HP%;Flat HP;;;;135;230;"Noblesse is strongly recommended but if either someone else in the team is using it better or no one can make use of the buff, Clam is the best alternative to maximize damage output. Alternatively songs of days past provides good healing but is not as resin-efficient to farm as clam. Without noblesse, ER can be ignored; at C4, ER requirement is at the lower end"
102;Mona;Support;;Noblesse Oblige;;;Tenacity of the Millelith;;;;;;;;;;;Energy Recharge;;;Hydro DMG Bonus;ATK%;CRIT Rate (Favonius);CRIT DMG;;Energy Recharge;CRIT Rate (Favonius);CRIT DMG;ATK%;;Flat ATK;;220;300;prioritize ER substats, with enough ER, Mona can gain enough Hydro DMG Bonus to the point where ATK Goblet is better
103;Mona;Hydro Sub DPS;;Emblem of Severed Fate;;;Noblesse Oblige;Heart of Depth;;;;;;;;;;ATK%;Elemental Mastery;;Hydro DMG Bonus;;CRIT Rate/DMG;;;Energy Recharge;CRIT Rate/DMG;ATK%;;;Flat ATK;;200;250;Emblem prioritizes burst, 2pc options can be tweaked for an on-field playstyle (e.g. replace noblesse for Gladiator or Nymph)
104;Mualani;Hydro Main DPS;;Obsidian Codex;;;Heart of Depth;;;;;;;;;;;HP%;Elemental Mastery;;Hydro DMG Bonus;HP%;CRIT DMG;HP%;CRIT Rate;CRIT DMG;HP%;Elemental Mastery;CRIT Rate;;Flat HP;;100;100;do not farm heart of depth, only use it if you already have it. With OC make sure to not overshoot CRate
105;Nahida;Dendro Reaction Support;;Deepwood Memories;;;Scroll of the Hero of Cinder City;;;;;;;;;;;Elemental Mastery;;;Elemental Mastery;;Elemental Mastery;;;Elemental Mastery;CRIT Rate/DMG;ATK%;Energy Recharge;;Flat ATK;;100;160;Generalist set for dendro reactions. Only one per party needed, nahida is the best holder.
106;Nahida;Dendro Main DPS;;Deepwood Memories;;;;;;;;;;;;;;Elemental Mastery;;;Dendro DMG Bonus;;CRIT Rate/DMG;;;CRIT Rate/DMG;Elemental Mastery;ATK%;Energy Recharge;;Flat ATK;;100;160;On-Field variant of dendro. More focus on DPS stats rather than EM.
107;Nahida;Dendro Sub DPS;;Golden Troupe;;;Gilded Dreams;;;;;;;;;;;Elemental Mastery;;;Dendro DMG Bonus;Elemental Mastery;Elemental Mastery;CRIT Rate/DMG;;Elemental Mastery;CRIT Rate/DMG;ATK%;Energy Recharge;;Flat ATK;;100;160;Maximizes Nahida's personal damage in an off-field playstyle, preferable when she is the only dendro in party. Gilded not recommended if Nahida doesnt trigger many reactions
108;Nahida;ATK Buffer;;Tenacity of the Millelith;;;;;;;;;;;;;;Elemental Mastery;;;Elemental Mastery;Dendro DMG Bonus;Elemental Mastery;CRIT Rate/DMG;;Elemental Mastery;CRIT Rate/DMG;ATK%;Energy Recharge;;Flat ATK;;100;160;Potential Best-in-Slot if the team has ATK-scaling characters who deal significantly more damage than Nahida (e.g., Yae Miko, Fischl)
109;Navia;Geo Main DPS;Recommended Set;Nighttime Whispers in the Echoing Woods;;With Furina;Marechaussee Hunter;;;;;;;;;;;ATK%;Energy Recharge;;Geo DMG Bonus;;CRIT Rate/DMG;;;CRIT Rate/DMG;ATK%;Energy Recharge;;;Flat ATK;;120;160;go for crit dmg when building MH, because rate comes from set bonus
110;Neuvillette;Hydro Main DPS;;Marechaussee Hunter;;;;;;;;;;;;;;HP%;;;Hydro DMG Bonus;HP%;CRIT DMG;HP%;CRIT Rate;HP%;CRIT DMG;CRIT Rate;Energy Recharge;EM (Vaporize);Flat HP;;110;150;
111;Nilou;Bountiful Bloom;Recommended Set;Tenacity of the Millelith;Vourukasha's Glow;Second Choice;Tenacity of the Millelith;Wanderer's Troupe;;;;;;;;;;HP%;;;HP%;;HP%;;;HP%;Elemental Mastery;Flat HP;;;;;100;130;Note that EM is only beneficial to Nilou if she actually triggers the bloom (which is rarer to happen the more hydros there are)
112;Ningguang;Geo Main DPS;Recommended Set;Nighttime Whispers in the Echoing Woods;;Second Choice;Archaic Petra;Gladiator's Finale;;;;;;;;;;ATK%;;;Geo DMG Bonus;;CRIT Rate/DMG;;;CRIT Rate/DMG;ATK%;Energy Recharge;;;Flat ATK;;120;140;
113;Ningguang;Support;Recommended Set;Archaic Petra;;Second Choice;Scroll of the Hero of Cinder City;;;;;;;;;;;ATK%;;;Geo DMG Bonus;;CRIT Rate/DMG;;;CRIT Rate/DMG;ATK%;Energy Recharge;;;Flat ATK;;120;140;not suitable for mono geo team, keep in mind that ning has to cause a reaction for this to work
114;Noelle;Geo Main DPS;;Husk of Opulent Dreams;;With Furina;Marechaussee Hunter;;;;;;;;;;;DEF%;;;Geo DMG Bonus;;CRIT Rate/DMG;;;Energy Recharge;CRIT Rate/DMG;DEF%;ATK%;;Flat DEF;Flat ATK;110;150;with furina, def becomes a valid main stat on all pieces. It becomes important to balance healing and damage
115;Noelle;Wet Rock – On-Field Support;;Archaic Petra;;;;;;;;;;;;;;Energy Recharge;;;DEF%;;DEF%;Healing Bonus;;Energy Recharge;DEF%;Flat DEF;;;;;200;300;Niche build that does not go for Noelle's personal damage. Mainly played with Furina, Yelan and Xinqiu who are all off-field but gain hydro damage bonus from the crystal shards.
116;Ororon;Electro Sub DPS;;Scroll of the Hero of Cinder City;;;;;;;;;;;;;;Energy Recharge;ATK%;;Electro DMG Bonus;;CRIT Rate/DMG;;;Energy Recharge;CRIT Rate/DMG;ATK%;;;Flat ATK;;120;195;
117;Ororon;Hyperbloom Trigger;Recommended Set;Scroll of the Hero of Cinder City;;Second Choice;Flower of Paradise Lost;;;;;;;;;;;Elemental Mastery;Energy Recharge;;Elemental Mastery;Electro DMG Bonus;Elemental Mastery;CRIT Rate/DMG;;Energy Recharge;Elemental Mastery;CRIT Rate/DMG;ATK%;;Flat ATK;;120;195;EM is mainly important for the hyperbloom damage but since Ororon is still gonna do a lot of electro-charged in such a team, it is also okay to boost his personal damage with DPS stats a little
118;Qiqi;Healer;;Ocean-Hued Clam;;;;;;;;;;;;;;ATK%;;;ATK%;Physical DMG Bonus;Healing Bonus;CRIT Rate/DMG;;ATK%;CRIT Rate/DMG;Energy Recharge;;;Flat ATK;;250;300;high ER requirement because qiqi does not generate energy particles
119;Raiden Shogun;Electro Main DPS;Recommended Set;Emblem of Severed Fate;;With Furina;Marechaussee Hunter;;;;;;;;;;;Energy Recharge;ATK%;EM (Aggravate);Electro DMG Bonus;ATK%;CRIT Rate/DMG;;;CRIT Rate/DMG;Energy Recharge;ATK%;EM (Aggravate);;Flat ATK;;200;220;if you have weapon, ER always better than attack
120;Raiden Shogun;Hyperbloom Trigger;Recommended Set;Flower of Paradise Lost;;Alternative Set;Gilded Dreams;;;;;;;;;;;Elemental Mastery;;;Elemental Mastery;;Elemental Mastery;;;Elemental Mastery;CRIT Rate (Favonius);;;;;;100;100;Flower of Paradise lost gives more damage but Gilded dreams is easier to farm if you nee deepwood memories for your dendro support
121;Razor;Aggravate Main DPS;Recommended Set;Thundering Fury;;Second Choice;Thundersoother;;Third Choice;Pale Flame;;Third Choice;Gilded Dreams;;;;;ATK%;Elemental Mastery;;Electro DMG Bonus;;CRIT Rate/DMG;;;Energy Recharge;CRIT Rate/DMG;Elemental Mastery;ATK%;;Flat ATK;;110;180;
122;Razor;Physical Main DPS;Recommended Set;Pale Flame;;Second Choice;Thundersoother;;Second Choice;Gladiator's Finale;;With Furina;Marechaussee Hunter;;;;;ATK%;;;Physical DMG Bonus;;CRIT Rate/DMG;;;Energy Recharge;CRIT Rate/DMG;ATK%;;;Flat ATK;;110;180;
123;Razor;Transformative Reaction DPS;Recommended Set;Gilded Dreams;;For Hyperbloom;Flower of Paradise Lost;;Third Choice;Gilded Dreams;Wanderer's Troupe;;;;;;;Elemental Mastery;Energy Recharge;;Elemental Mastery;;Elemental Mastery;;;Energy Recharge;Elemental Mastery;CRIT Rate (Favonius);;;;;140;180;Gilded dreams for Overloaded, Electro-Charged or Superconduct
124;Rosaria;Support;For ATK Buffs;Noblesse Oblige;;;;;;;;;;;;;;Energy Recharge;ATK%;;Cryo DMG Bonus;;CRIT Rate;CRIT DMG;;Energy Recharge;CRIT Rate;CRIT DMG;ATK%;;Flat ATK;;170;200;
125;Rosaria;Melt Sub DPS;;Gilded Dreams;;;Emblem of Severed Fate;;;Lavawalker;;;;;;;;Elemental Mastery;ATK%;;Cryo DMG Bonus;;CRIT Rate;CRIT DMG;;Energy Recharge;CRIT Rate;CRIT DMG;Elemental Mastery;ATK%;Flat ATK;;170;200;Gilded dreams is recommended, Lavawalker can be used if you have great pieces. If you are struggling with ER, Emblem is the better option for you.
126;Rosaria;Freeze Sub DPS;;Blizzard Strayer;;;;;;;;;;;;;;Energy Recharge;ATK%;;Cryo DMG Bonus;;CRIT DMG;CRIT Rate;;Energy Recharge;CRIT DMG;CRIT Rate;ATK%;;Flat ATK;;175;205;do not go over 45% crit rate
127;Sangonomiya Kokomi;Healer/Support;Recommended Set;Ocean-Hued Clam;;For ATK Buffs;Tenacity of the Millelith;;For DMG Buffs;Scroll of the Hero of Cinder City;;For EM Buffs;Instructor;;;;;HP%;Energy Recharge;;HP%;Hydro DMG Bonus;Healing Bonus;HP%;;HP%;Flat HP;Energy Recharge;;;;;100;200;Clam for best healing and clamage, other sets if you want to go more support. If you heal enough, you can consider the dmg stats instead of hp. ER for more dps is on the higher end, otherwise just burst when you need healing.
128;Sangonomiya Kokomi;Nilou Bloom Support;;Flower of Paradise Lost;;;Ocean-Hued Clam;;;;;;;;;;;Elemental Mastery;;;Elemental Mastery;;Elemental Mastery;;;Elemental Mastery;Energy Recharge;HP%;Flat HP;;;;130;165;
129;Sangonomiya Kokomi;Kritkomi – Crit Main DPS;In Cryo Teams;Blizzard Strayer;;With Furina;Marechaussee Hunter;;If You're Insane;Heart of Depth;;If You're Insane;Nymph's Dream;;;;;HP%;;;Hydro DMG Bonus;;CRIT Rate;;;CRIT Rate;CRIT DMG;Energy Recharge;HP%;Elemental Mastery;Flat HP;;170;200;"Meme build. Needs a crit weapon and crit rate on every artifact. BS: play with cryo resonance and Rosaria to buff your crit. Easies to get get crit up. MH: play with furina to get the MH buff to push your crit rate; getting crit up is harder but you get more damage. maximum damage with HoD/ND but you need at least 20% crit rate of every one of your pieces."
130;Sayu;Healer/Support;Recommended Set;Viridescent Venerer;;Second Choice;Ocean-Hued Clam;;For ATK Buffs;Noblesse Oblige;;;;;;;;Energy Recharge;ATK%;Elemental Mastery;ATK%;Elemental Mastery;Healing Bonus;ATK%;CRIT Rate (Favonius);Energy Recharge;CRIT Rate (Favonius);ATK%;Elemental Mastery;;;;150;250;Balance ATK and EM to balance between healing and swirling, ER requirement changes depending on how often you want to burst
131;Sayu;Swirl Driver;;Viridescent Venerer;;;;;;;;;;;;;;Elemental Mastery;ATK%;;Elemental Mastery;Anemo DMG Bonus;Elemental Mastery;CRIT Rate/DMG;;Elemental Mastery;CRIT Rate/DMG;ATK%;Energy Recharge;;;;120;180;
132;Sethos;Aggravate Main DPS;For Charged Shots;Wanderer's Troupe;;CS Alternative;Gilded Dreams;;For Normal Attacks;Desert Pavilion Chronicle;;;;;;;;Elemental Mastery;Energy Recharge;;Electro DMG Bonus;;CRIT Rate/DMG;;;Energy Recharge;CRIT Rate/DMG;Elemental Mastery;ATK%;;Flat ATK;;130;160;
133;Shenhe;Support;Recommended Set;Noblesse Oblige;;Second Choice;Gladiator's Finale;Shimenawa's Reminiscence;Second Choice;Blizzard Strayer;;;;;;;;Energy Recharge;ATK%;;ATK%;;ATK%;;;Energy Recharge;ATK%;CRIT Rate/DMG;Flat ATK;;;;160;200;If NO is already in the party, blizzard is a good alternative in freeze/mono cryo and the 2pc for other parties
134;Shikanoin Heizou;Swirl Driver;;Viridescent Venerer;;;;;;;;;;;;;;Elemental Mastery;;;Elemental Mastery;;Elemental Mastery;;;Elemental Mastery;Energy Recharge;;;;;;100;180;
135;Shikanoin Heizou;Anemo Main DPS;Recommended Set;Golden Troupe;;Alternative Set;Viridescent Venerer;Gladiator's Finale;Alternative Set;Desert Pavilion Chronicle;;Stronger Swirls;Viridescent Venerer;;With Furina;Marechaussee Hunter;;ATK%;;;Anemo DMG Bonus;;CRIT Rate/DMG;;;CRIT Rate/DMG;ATK%;Elemental Mastery;Energy Recharge;;Flat ATK;;100;180;Golden Troupe is usually the best, but the other constellations can compete if substats are good. VV when you have strong off-field dps that you want to swirl (Furina, Fischl)
136;Sigewinne;Healer;;Ocean-Hued Clam;;;Song of Days Past;;;;;;;;;;;HP%;Energy Recharge;;HP%;Hydro DMG Bonus;HP%;CRIT Rate/DMG;;HP%;CRIT Rate/DMG;Flat HP;Energy Recharge;;;;155;190;Sigewinne as a healer can forgo ER
137;Sucrose;Support/Swirl Driver;;Viridescent Venerer;;;;;;;;;;;;;;Elemental Mastery;Energy Recharge;;Elemental Mastery;;Elemental Mastery;;;Energy Recharge;Elemental Mastery;;;;;;150;200;Off-field playstyle requires ER, on field driver can forgo ER
138;Tartaglia;Hydro Main DPS;Recommended Set;Nymph's Dream;;Alternative Set;Nymph's Dream;Heart of Depth;Third Choice;Heart of Depth;;Third Choice;Heart of Depth;Gladiator's Finale;;;;ATK%;;;Hydro DMG Bonus;;CRIT Rate/DMG;;;Energy Recharge;CRIT Rate/DMG;ATK%;Elemental Mastery;;Flat ATK;;110;150;ER requirement is for his ranged burst, which is recommended. Melee burst goes up to 200%
139;Thoma;Transformative Reaction DPS;Recommended Set;Gilded Dreams;;For Burgeon;Flower of Paradise Lost;;Third Choice;Gilded Dreams;Wanderer's Troupe;;;;;;;Energy Recharge;Elemental Mastery;;Elemental Mastery;;Elemental Mastery;;;Energy Recharge;Elemental Mastery;HP%;Flat HP;;;;200;290;Gilded dreams can also be used for burning.
140;Thoma;Support;For ATK Buffs;Noblesse Oblige;;For DMG Buffs;Scroll of the Hero of Cinder City;;;;;;;;;;;Energy Recharge;;;HP%;;CRIT Rate (Favonius);HP%;;Energy Recharge;CRIT Rate (Favonius);HP%;Flat HP;;;;200;290;
141;Thoma;Shielder;;Tenacity of the Millelith;Emblem of Severed Fate;;;;;;;;;;;;;HP%;Energy Recharge;;HP%;;HP%;CRIT Rate (Favonius);;Energy Recharge;CRIT Rate (Favonius);HP%;Flat HP;;;;200;290;build for pure shielding, needs to get burst up to shield better
142;Tighnari;Dendro Main DPS;Recommended Set;Wanderer's Troupe;;Alternative Set;Gilded Dreams;;One Per Party;Deepwood Memories;;;;;;;;Elemental Mastery;ATK%;;Dendro DMG Bonus;;CRIT Rate/DMG;;;CRIT Rate/DMG;ATK%;Elemental Mastery;Energy Recharge;;Flat ATK;;100;160;Have you ever noticed how Cyno attracts people that like to fire charged shots? You will need one Deepwood in your party. If no one else can wear this, put it on Tighnari.
143;Venti;Swirl Sub DPS;;Viridescent Venerer;;;Gilded Dreams;;;;;;;;;;;Elemental Mastery;;;Elemental Mastery;;Elemental Mastery;CRIT Rate (Favonius);;Energy Recharge;Elemental Mastery;CRIT Rate (Favonius);ATK%;CRIT DMG;Flat ATK;;165;200;Use Gilded Dreams if VV is already held by another party member.
144;Venti;Anemo Sub DPS;;Viridescent Venerer;;;Emblem of Severed Fate;;;;;;;;;;;ATK%;;;Anemo DMG Bonus;ATK%;CRIT Rate/DMG;;;Energy Recharge;CRIT Rate/DMG;ATK%;Elemental Mastery;;Flat ATK;;165;200;
145;Wanderer;Anemo Main DPS;Recommended Set;Desert Pavilion Chronicle;;Alternative Set;Shimenawa's Reminiscence;;With Furina;Marechaussee Hunter;;;;;;;;ATK%;;;Anemo DMG Bonus;;CRIT Rate/DMG;;;CRIT Rate/DMG;ATK%;Energy Recharge;;;Flat ATK;;100;135;for C2+ do not use shimenawa
146;Wriothesley;Melt Main DPS;Recommended Set;Marechaussee Hunter;;For Burnmelt;Unfinished Reverie;;Third Choice;Shimenawa's Reminiscence;;;;;;;;ATK%;Elemental Mastery;;Cryo DMG Bonus;;CRIT DMG;CRIT Rate;;CRIT DMG;CRIT Rate;Elemental Mastery;ATK%;;Flat ATK;;100;125;MH is BiS, reverie second, shimenawa is third. With MH make sure to not overshoot CRATE
147;Wriothesley;Freeze & Mono Cryo Main DPS;Recommended Set;Marechaussee Hunter;;Second Choice;Blizzard Strayer;;Third Choice;Shimenawa's Reminiscence;;;;;;;;ATK%;;;Cryo DMG Bonus;;CRIT DMG;CRIT Rate;;CRIT DMG;CRIT Rate;ATK%;Energy Recharge (C2);;Flat ATK;;100;125;ER is valid to build if you have him C2 or higher
148;Xiangling;Pyro Sub DPS;Recommended Set;Emblem of Severed Fate;;For Vape/Melt;Crimson Witch of Flames;;Vape/Melt Alternative;Gilded Dreams;;;;;;;;Energy Recharge;ATK%;Elemental Mastery;Pyro DMG Bonus;;CRIT Rate/DMG;;;Energy Recharge;CRIT Rate/DMG;ATK%;Elemental Mastery;;Flat ATK;;200;300;Emblem is the best set, the others are worse alternatives that are still valid if you have them lying around. EM is recommended when you have a lot of reactions, ATK if not.
149;Xianyun;Support/Healer;Recommended Set;Viridescent Venerer;;Alternative Set;Ocean-Hued Clam;;For ATK Buffs;Noblesse Oblige;;For DMG Buffs;Song of Days Past;;;;;Energy Recharge;ATK%;;ATK%;;ATK%;;;Energy Recharge;ATK%;Flat ATK;CRIT Rate (Favonius);;;;220;300;Use VV if there is something to swirl (on or off field), otherwise you can go for clamage. If no one else in the party has NO, it's very valid (+musthave for Xiao). Songs is worse than clam but still valid if you have. 4500 ATK maximum
150;Xiao;Anemo Main DPS;;Vermillion Hereafter;;;Marechaussee Hunter;;;;;;;;;;;ATK%;;;Anemo DMG Bonus;ATK%;CRIT Rate/DMG;;;Energy Recharge;CRIT Rate/DMG;ATK%;;;Flat ATK;;120;170;MH particularly valid with xianyun
151;Xilonen;Support/Healer;;Scroll of the Hero of Cinder City;;;;;;;;;;;;;;DEF%;Energy Recharge;;DEF%;;DEF%;Healing Bonus;CRIT Rate (Favonius);DEF%;Energy Recharge;Flat DEF;CRIT Rate (Favonius);;;;110;200;
152;Xilonen;Geo Sub DPS;Recommended Set;Obsidian Codex;;Alternative Set;Husk of Opulent Dreams;;For DMG Buffs;Scroll of the Hero of Cinder City;;;;;;;;DEF%;;;Geo DMG Bonus;DEF%;CRIT DMG;CRIT Rate;;CRIT DMG;CRIT Rate;DEF%;Energy Recharge;;Flat DEF;;110;200;Meant for Geo-leaning teams, where Xilonen switches to DPS mode. If no other Natlan support in your party has scroll, give it to Xilonen
153;Xingqiu;Hydro Sub DPS;Recommended Set;Emblem of Severed Fate;;For ATK Buffs;Noblesse Oblige;;;;;;;;;;;ATK%;Energy Recharge;;Hydro DMG Bonus;;CRIT Rate (Favonius);CRIT DMG;;Energy Recharge;CRIT Rate (Favonius);CRIT DMG;ATK%;;Flat ATK;;190;240;Emblem is easier to farm, but if no one else in the team has noblesse, xinqiu should be wearing it
154;Xinyan;Physical Main DPS;Recommended Set;Pale Flame;;Alternative Set;Pale Flame;Bloodstained Chivalry;With Furina;Marechaussee Hunter;;;;;;;;ATK%;Energy Recharge;;Physical DMG Bonus;;CRIT Rate/DMG;;;Energy Recharge;CRIT Rate/DMG;ATK%;DEF%;;Flat ATK;Flat DEF;160;230;
155;Xinyan;Shielder;Recommended Set;Tenacity of the Millelith;;Second Choice;Scroll of the Hero of Cinder City;;;;;;;;;;;DEF%;Energy Recharge (C2);;DEF%;;DEF%;;;Energy Recharge (C2);DEF%;Flat DEF;;;;;160;230;Burst relevant from C2 onwards
156;Yae Miko;Electro Sub DPS;Recommended Set;Golden Troupe;;For Quicken;Gilded Dreams;;;;;;;;;;;ATK%;EM (Quicken);;Electro DMG Bonus;;CRIT Rate/DMG;;;CRIT Rate/DMG;ATK%;EM (Quicken);Energy Recharge;;Flat ATK;;100;160;can forgo ER
157;Yanfei;Pyro Main DPS;Recommended Set;Crimson Witch of Flames;;;Gilded Dreams;;;Wanderer's Troupe;;With Furina;Marechaussee Hunter;;;;;ATK%;Elemental Mastery;;Pyro DMG Bonus;;CRIT Rate/DMG;;;CRIT Rate;CRIT DMG;Elemental Mastery;ATK%;;Flat ATK;;100;120;Crit slightly better than DMG because of her A4 Passive. Aim for 3:5 instead of 1:2 but also dont go out of your way for it.
158;Yanfei;Transformative Reaction DPS;Recommended Set;Gilded Dreams;;For Burgeon;Flower of Paradise Lost;;Third Choice;Gilded Dreams;Wanderer's Troupe;;;;;;;Elemental Mastery;;;Elemental Mastery;;Elemental Mastery;;;Elemental Mastery;Energy Recharge;;;;;;100;120;This build focusses on DPS through transformative reactions (i.e. burgeon, burning and overloaded). You want no crit in order to not trigger her A4 passive
159;Yaoyao;Healer/Support;Recommended Set;Deepwood Memories;;For ATK Buffs;Tenacity of the Millelith;;For DMG Buffs;Scroll of the Hero of Cinder City;;For EM Buffs;Instructor;;;;;HP%;Energy Recharge;;HP%;;Healing Bonus;HP%;;Energy Recharge;HP%;Elemental Mastery;Flat HP;;;;150;270;
160;Yaoyao;Nilou Bloom Support;;Deepwood Memories;;;;;;;;;;;;;;Elemental Mastery;;;Elemental Mastery;;Elemental Mastery;;;Elemental Mastery;Energy Recharge;HP%;Flat HP;;;;115;235;
161;Yelan;Hydro Sub DPS;;Emblem of Severed Fate;;;;;;;;;;;;;;HP%;Energy Recharge;;Hydro DMG Bonus;HP%;CRIT Rate/DMG;HP%;;Energy Recharge;CRIT Rate/DMG;HP%;;;Flat HP;;140;260;Do not run triple HP% on artifacts
162;Yoimiya;Pyro Main DPS;Recommended Set;Shimenawa's Reminiscence;;With Low Ping;Echoes of an Offering;;;;;;;;;;;ATK%;;;Pyro DMG Bonus;;CRIT Rate/DMG;;;CRIT Rate/DMG;ATK%;Energy Recharge;;;Flat ATK;;100;100;Echoes can outperform shimenawa if you have good ping and substats. Use Witch or Gilded if you play Vape
163;Yoimiya;Vape/Melt Main DPS;Recommended Set;Crimson Witch of Flames;;Alternative Set;Gilded Dreams;;With Furina;Marechaussee Hunter;;;;;;;;Elemental Mastery;ATK%;;Pyro DMG Bonus;;CRIT Rate/DMG;;;CRIT Rate/DMG;ATK%;Elemental Mastery;Energy Recharge;;Flat ATK;;100;100;
164;Yun Jin;Support;Recommended Set;Husk of Opulent Dreams;;Alternative Set;Husk of Opulent Dreams;Emblem of Severed Fate;Third Choice;Noblesse Oblige;;High Potential;Archaic Petra;;;;;DEF%;Energy Recharge;;DEF%;;DEF%;;;Energy Recharge;CRIT Rate (Favonius);DEF%;Flat DEF;;;;200;270;Husk can be used in a 2PC combo with emblem to facilitate ER, even more valid when emblem has great substats
165;Zhongli;Shielder;For Stronger Shields;Tenacity of the Millelith;Vourukasha's Glow;For ATK Buffs;Tenacity of the Millelith;;;;;;;;;;;HP%;;;HP%;;HP%;;;HP%;Flat HP;;;;;;100;110;2PC combination valid, when characters dont benefit from Milelith's ATK buff (def-scalers, neuvillette)
166;Zhongli;Shielder/Support;For DMG Buffs;Archaic Petra;;DMG Buff Alternative;Scroll of the Hero of Cinder City;;For EM Buffs;Instructor;;;;;;;;HP%;;;HP%;;HP%;;;HP%;Flat HP;;;;;;100;110;Niche build. Archaic Petra gives the higher buff but is more difficult to obtain, Scroll is less buff but more convenience in gameplay and farming
167;Zhongli;Physli – Physical Main DPS;Recommended Set;Pale Flame;;Alternative Set;Pale Flame;Bloodstained Chivalry;Third Choice;Gladiator's Finale;;With Furina;Marechaussee Hunter;;;;;ATK%;;;Physical DMG Bonus;;CRIT Rate/DMG;;;CRIT Rate/DMG;ATK%;Flat ATK;HP%;;;;100;100;Meme build. Play with Crescent Pike. 4pc pale flame is about 6% stronger than 2pc but is more situational because it requires the pillar to be up and hitting the enemy to trigger the bonus.
