ID;character_name;build_name;artifact_set_1_label;artifact_set_1;artifact_set_2;artifact_set_3_label;artifact_set_3;artifact_set_4;artifact_set_5_label;artifact_set_5;artifact_set_6;artifact_set_7_label;artifact_set_7;artifact_set_8;sands_1;sands_2;sands_3;goblet_1;goblet_2;circlet_1;circlet_2;circlet_3;substats_1;substats_2;substats_3;substats_4;substats_5;flatstats_1;flatstats_2;er_min;er_max;note
1;Albedo;Geo Sub DPS;Recommended Set;Husk of Opulent Dreams;;Equally Good;Golden Troupe;;;;;;;;DEF%;;;Geo DMG Bonus;;CRIT Rate/DMG;;;CRIT Rate/DMG;DEF%;Energy Recharge;ATK%;;Flat DEF;;120;150;
2;Alhaitham;Main DPS;;Gilded Dreams;;;Deepwood Memories;;With Furina;Marechaussee Hunter;;;;;Elemental Mastery;;;Dendro DMG Bonus;;CRIT Rate/DMG;;;Elemental Mastery;CRIT Rate/DMG;Energy Recharge;ATK%;;Flat ATK;;120;180;Gilded Dreams >> Deepwood. Only put Deepwoon on him if really no one else in the party can use it. If you play quicken, aim for 200-300 EM before you go into crit. MH is also valid in Nilou Teams without Kirara
3;Arataki Itto;Main DPS;;Husk of Opulent Dreams;;;;;;;;;;;DEF%;;;Geo DMG Bonus;;CRIT Rate/DMG;;;CRIT Rate/DMG;DEF%;Energy Recharge;ATK%;;Flat DEF;Flat ATK;115;145;
4;Arlecchino;Main DPS;;Fragment of Harmonic Whimsy;;;Gladiator's Finale;;;Unfinished Reverie;;;;;ATK%;Elemental Mastery (Vape);;Pyro DMG Bonus;;CRIT Rate/DMG;;;CRIT Rate/DMG;ATK%;Elemental Mastery (Vape);;;Flat ATK;;;;Add EM when playing Vaporize. Whimsy > Gladiator, but if you have great pieces, the latter can be valid. Reverie only works in burn teams but there can be as good as whimsy (and can be farmed together)
5;Baizhu;Dendro Support Healer;;Deepwood Memories;;;;;;;;;;;HP%;Energy Recharge;;HP%;;HP%;Healing Bonus;;Energy Recharge;HP%;Flat HP;CRIT Rate (Favonius);;;;160;190;Many Dendro DPSs rely on having one party member wear Deepwood while not wanting to equip it themselves. Baizhu can be that party member. This is not for Baizhus own damage, cause it is neglible.
6;Baizhu;Generalist Healer;;Ocean-Hued Clam;;;;;;;;;;;HP%;Energy Recharge;;HP%;;HP%;Healing Bonus;;Energy Recharge;HP%;Flat HP;CRIT Rate (Favonius);;;;180;220;A generalist set when Deepwood is not required/held by someone else. Baizhu maxes out Clamage
7;Barbara;Healer;;Ocean-Hued Clam;;;Maiden Beloved;;;;;;;;HP%;;;HP%;;Healing Bonus;HP%;CRIT Rate (Favonius);HP%;Flat HP;Energy Recharge;CRIT Rate (Favonius);;;;n/a;n/a;do not farm Maiden Beloved only for Barbara
8;Barbara;Bloom DPS;;Gilded Dreams;;;;;;;;;;;Elemental Mastery;;;Elemental Mastery;;Elemental Mastery;;;Elemental Mastery;HP%;Flat HP;;;;;n/a;n/a;Niche Build
9;Beidou;Off-Field Burst DPS;;Emblem of Severed Fate;;;Thundersoother;;;;;;;;ATK%;Energy Recharge;;Electro DMG Bonus;;CRIT Rate/DMG;;;Energy Recharge;CRIT Rate/DMG;ATK%;Elemental Mastery (Quicken);;Flat ATK;;150;220;
10;Beidou;Main DPS;;Gladiator's Finale;Thundering Fury;;;;;;;;;;ATK%;;;Electro DMG Bonus;;CRIT Rate/DMG;;;CRIT Rate/DMG;ATK%;Energy Recharge;;;Flat ATK;;;;
11;Bennett;Healer/Buffer;;Noblesse Oblige;;;;;;;;;;;Energy Recharge;HP%;;HP%;;HP%;Healing Bonus;;Energy Recharge;HP%;Flat HP;;;;;200;350;
12;Bennett;Pyro Burst DPS;;Noblesse Oblige;;;;;;;;;;;Energy Recharge;ATK%;;Pyro DMG Bonus;;CRIT Rate/DMG;;;Energy Recharge;CRIT Rate/DMG;Elemental Mastery;ATK%;HP%;Flat ATK;Flat HP;200;350;
13;Candace;Buffer Support;;Noblesse Oblige;;;Scroll of the Hero of Cinder City;;;;;;;;Energy Recharge;HP%;;HP%;;HP%;CRIT Rate (Favonius);;Energy Recharge;CRIT Rate (Favonius);CRIT DMG;Elemental Mastery;ATK%;Flat ATK;;180;250;NO is a generalist support for atk scaling, scroll buffs elemental damage based on reactions
14;Candace;Hydro Sub DPS;;Emblem of Severed Fate;;;;;;;;;;;Energy Recharge;HP%;;Hydro DMG Bonus;HP%;HP%;CRIT Rate/DMG;;Energy Recharge;CRIT Rate/DMG;HP%;Elemental Mastery;;Flat HP;;200;300;
15;Candace;Main DPS;;Nymph's Dream;;;Gladiator's Finale;;;Heart of Depth;;;;;ATK%;Energy Recharge;;Hydro DMG Bonus;;CRIT Rate/DMG;;;CRIT Rate/DMG;ATK%;Energy Recharge;HP%;Elemental Mastery;Flat ATK;Flat HP;170;190;
16;Charlotte;Healer;;Emblem of Severed Fate;Gladiator's Finale;;Ocean-Hued Clam;;;;;;;;Energy Recharge;ATK%;;ATK%;;Healing Bonus;CRIT Rate (Favonius);;Energy Recharge;CRIT Rate (Favonius);ATK%;Flat ATK;;;;180;230;
17;Charlotte;Healer/Buffer;;Noblesse Oblige;;;Tenacity of the Millelith;;;Song of Days Past;;;;;Energy Recharge;ATK%;;ATK%;;Healing Bonus;CRIT Rate (Favonius);;Energy Recharge;CRIT Rate (Favonius);ATK%;Flat ATK;;;;180;230;
18;Charlotte;Cryo Sub DPS;;Golden Troupe;;;Blizzard Strayer;;;;;;;;ATK%;Energy Recharge;;ATK%;Cryo DMG Bonus;CRIT DMG;;;CRIT DMG;ATK%;Energy Recharge;CRIT Rate;;Flat ATK;;150;200;
19;Chasca;Main DPS (Preliminary);;Obsidian Codex;;;Viridescent Venerer;;;;;;;;ATK%;Elemental Mastery;;ATK%;Elemental Mastery;CRIT Rate/DMG;Elemental Mastery;;CRIT Rate/DMG;ATK%;Elemental Mastery;;;Flat ATK;;;;
20;Chevreuse;Overload Support;;Noblesse Oblige;;;Song of Days Past;;;;;;;;HP%;Energy Recharge;;HP%;;HP%;Healing Bonus;;HP%;Flat HP;Energy Recharge;CRIT Rate (Favonius);;;;170;200;Song of Days past is a valid alternative when someone else on the team is already using noblesse and is best used by a C6 Chevreuse. Burst is irrelevant to her buff, so the player can choose to not include it in their rotation.
21;Chevreuse;Overload Sub DPS;;Emblem of Severed Fate;;;Golden Troupe;;;;;;;;ATK%;Energy Recharge;;Pyro DMG Bonus;;CRIT Rate (Favonius);CRIT DMG;;CRIT Rate (Favonius);CRIT DMG;Energy Recharge;ATK%;HP%;Flat ATK;Flat HP;170;200;Emblem is the best option for Chev's personal damage, however, Golden Troupe can also work for a C4+ when she uses all 3 skill charges
22;Chiori;Off-Field DPS;;Golden Troupe;;;Husk of Opulent Dreams;;;;;;;;DEF%;;;Geo DMG Bonus;DEF%;CRIT Rate/DMG;DEF%;;CRIT Rate/DMG;DEF%;ATK%;;;Flat DEF;Flat ATK;n/a;n/a;do not run triple DEF%, husk preferable at C6
23;Chongyun;Cryo Burst Support;;Noblesse Oblige;;;Emblem of Severed Fate;;;Unfinished Reverie;;;;;ATK%;Elemental Mastery (Melt);;Cryo DMG Bonus;;CRIT Rate/DMG;;;CRIT Rate/DMG;Energy Recharge;ATK%;Elemental Mastery (Melt);;;;130;175;Noblesse to buff with burst, emblem to maximize damage output. Reverie when playing burnmelt
24;Chongyun;Main DPS;;Blizzard Strayer;;;Blizzard Strayer;Gladiator's Finale;;;;;;;ATK%;;;Cryo DMG Bonus;;CRIT Rate/DMG;;;CRIT Rate/DMG;ATK%;Elemental Mastery;;;Flat ATK;;130;175;
25;Collei;All-purpose Dendro Sub DPS;;Deepwood Memories;;;;;;;;;;;Energy Recharge;ATK%;Elemental Mastery;Dendro DMG Bonus;Elemental Mastery;CRIT Rate (Favonius);CRIT DMG;Elemental Mastery;Energy Recharge;CRIT Rate (Favonius);CRIT DMG;Elemental Mastery;ATK%;Flat ATK;;160;200;
26;Collei;Bloom/Burn Sub DPS;;Gilded Dreams;;;;;;;;;;;Energy Recharge;Elemental Mastery;;Elemental Mastery;;Elemental Mastery;;;Energy Recharge;Elemental Mastery;;;;;;160;200;This build assumes that Collei is your only dendro dps. For other dendro reactions, use deepwood.
27;Collei;Burst Support;;Noblesse Oblige;;;;;;;;;;;Energy Recharge;;;Dendro DMG Bonus;;CRIT Rate (Favonius);CRIT DMG;;Energy Recharge;CRIT Rate (Favonius);CRIT DMG;Elemental Mastery;ATK%;Flat ATK;;170;200;
28;Cyno;Main DPS;;Thundering Fury;;;;;;;;;;;Elemental Mastery;ATK%;Energy Recharge;Electro DMG Bonus;Elemental Mastery;CRIT Rate/DMG;Elemental Mastery;;CRIT Rate/DMG;Energy Recharge;Elemental Mastery;ATK%;;Flat ATK;;120;160;
29;Dehya;Burgeon Trigger;;Gilded Dreams;;;Flower of Paradise Lost;;;;;;;;Elemental Mastery;;;Elemental Mastery;;Elemental Mastery;;;Elemental Mastery;HP%;Flat HP;;;;;n/a;n/a;Flower is technically the better set but by such a small margin that it does not justify farming it
30;Dehya;Tank;;Tenacity of the Millelith;;;Ocean-Hued Clam;;;;;;;;HP%;;;HP%;;HP%;;;HP%;Flat HP;;;;;;;;
31;Dehya;Main DPS;;Emblem of Severed Fate;;;Vourukasha's Glow;;;;;;;;ATK%;Energy Recharge;HP% (C1);Pyro DMG Bonus;;CRIT Rate/DMG;;;CRIT Rate/DMG;Energy Recharge;ATK%;HP%;;Flat ATK;Flat HP;180;230;HP become a relevant stat from C1 onwards, Vourokasha becomes equal or better at C4 or higher
32;Dendro Traveler;Off-Field Dendro Enabler;;Deepwood Memories;;;Gilded Dreams;;;;;;;;Energy Recharge;Elemental Mastery;;Dendro DMG Bonus;;CRIT Rate/DMG;;;Energy Recharge;CRIT Rate/DMG;Elemental Mastery;ATK%;;Flat ATK;;160;240;Deepwood is a valid allrounder set but if someone in your team already has it, switch traveler to Gilded Dreams
33;Diluc;Main DPS;;Crimson Witch of Flames;;Second Best;Gilded Dreams;;With Furina;Marechaussee Hunter;;;;;ATK%;Elemental Mastery;;Pyro DMG Bonus;;CRIT Rate/DMG;;;CRIT Rate/DMG;Elemental Mastery;ATK%;Energy Recharge;;Flat ATK;;100;120;Witch is better than gilded but with good substats gilded can also be good and is easier to farm. Assumes you play vape.
34;Diona;Healer/Shielder;;Noblesse Oblige;;;Tenacity of the Millelith;Ocean-Hued Clam;;;;;;;HP%;Energy Recharge;;HP%;;HP%;Healing Bonus;CRIT Rate (Favonius);Energy Recharge;HP%;Flat HP;CRIT Rate (Favonius);;;;100;200;
35;Dori;Healer/Support;;Noblesse Oblige;;;;;;;;;;;Energy Recharge;HP%;;HP%;;Healing Bonus;;;Energy Recharge;CRIT Rate (Favonius);HP%;Flat HP;;;;190;260;
36;Dori;Dendro Team Support;;Deepwood Memories;;;;;;;;;;;Energy Recharge;HP%;;HP%;;Healing Bonus;;;Energy Recharge;CRIT Rate (Favonius);HP%;Flat HP;;;;190;260;Many Dendro DPSs rely on having one party member wear Deepwood while not wanting to equip it themselves. Dori can be that party member. Thanks to her high burst duration, she gets excellent uptime on the dendro res shred.
37;Dori;Hyperbloom Driver;;Gilded Dreams;;;Flower of Paradise Lost;;;;;;;;Elemental Mastery;Energy Recharge;;Elemental Mastery;;Elemental Mastery;;;Elemental Mastery;Energy Recharge;CRIT Rate (Favonius);HP%;;Flat HP;;190;260;When playing Dori for Hyperbloom she will sometimes also trigger Aggravate/Electro-Charged damage on the side. Gilded dreams buffs all of these maximizing her damage output. FoPL is an alternative but will only focus on the hyperbloom damage.
38;Dori;C6 Aggravate DPS;;Thundering Fury;;;Gilded Dreams;;;;;;;;Elemental Mastery;Energy Recharge;;Electro DMG Bonus;Elemental Mastery;CRIT Rate/DMG;;;CRIT Rate/DMG;Elemental Mastery;Energy Recharge;ATK%;;Flat ATK;;130;150;
39;Electro Traveler;Battery;;Emblem of Severed Fate;;;Noblesse Oblige;;;;;;;;Energy Recharge;;;Electro DMG Bonus;Elemental Mastery;CRIT Rate/DMG;Elemental Mastery;;Energy Recharge;CRIT Rate/DMG;Elemental Mastery;ATK%;;Flat ATK;;130;300;Battery = Energy Generator for others (in this case with skill), Emblem does this best while noblesse (worse) is for buffing with burst
40;Faruzan;Buffer Support;;Noblesse Oblige;;;;;;;;;;;Energy Recharge;ATK%;;Anemo DMG Bonus;;CRIT Rate (Favonius);;;Energy Recharge;CRIT Rate (Favonius);;;;;;220;260;prioritize ER over main stats
41;Faruzan;Swirl Support;;Viridescent Venerer;;;;;;;;;;;Energy Recharge;ATK%;;Anemo DMG Bonus;;CRIT Rate (Favonius);;;Energy Recharge;CRIT Rate (Favonius);Elemental Mastery;;;;;220;260;prioritize ER over main stats
42;Faruzan;C6 Support;;Tenacity of the Millelith;;;;;;;;;;;Energy Recharge;ATK%;;Anemo DMG Bonus;;CRIT Rate;CRIT DMG;;Energy Recharge;CRIT Rate (Favonius);CRIT DMG;;;;;175;200;
43;Fischl;Electro Sub DPS;;Golden Troupe;;;;;;;;;;;ATK%;Elemental Mastery (Quicken);;Electro DMG Bonus;;CRIT Rate/DMG;;;CRIT Rate/DMG;Energy Recharge;ATK%;Elemental Mastery (Quicken);;Flat ATK;;120;170;
44;Freminet;Physical Main DPS;;Pale Flame;;;Marechaussee Hunter;;;;;;;;ATK%;Energy Recharge;;Physical DMG Bonus;;CRIT Rate/DMG;;;Energy Recharge;CRIT Rate/DMG;ATK%;;;Flat ATK;;155;195;MH when you play with Furina
45;Freminet;Cryo Main DPS;;Marechaussee Hunter;;;;;;;;;;;ATK%;Energy Recharge;;Cryo DMG Bonus;;CRIT Rate/DMG;;;Energy Recharge;CRIT Rate/DMG;ATK%;;;Flat ATK;;150;200;Playing with Furina and using MH is the best option for Cryo Freminet. If for some reason you cant/wont pair him with her, use Blizzard Strayer.
46;Furina;Off-Field DPS;;Golden Troupe;;;;;;;;;;;HP%;Energy Recharge;;HP%;Hydro DMG Bonus;CRIT Rate/DMG;;;CRIT Rate/DMG;HP%;Energy Recharge;Elemental Mastery;;Flat HP;;150;210;
47;Furina;Buffer Support;;Tenacity of the Millelith;;;;;;;;;;;Energy Recharge;HP%;;HP%;Hydro DMG Bonus;CRIT Rate/DMG;;;Energy Recharge;HP%;CRIT Rate/DMG;;;Flat HP;;150;210;
48;Furina;Healer;;Ocean-Hued Clam;;;;;;;;;;;HP%;Energy Recharge;;HP%;;Healing Bonus;HP%;;HP%;Energy Recharge;Flat HP;;;;;150;210;
49;Gaming;Main DPS;;Marechaussee Hunter;;;Crimson Witch of Flames;;;;;;;;Elemental Mastery;ATK%;;Pyro DMG Bonus;;CRIT Rate/DMG;;;CRIT Rate/DMG;Elemental Mastery;Energy Recharge;ATK%;;Flat ATK;;140;180;Crimson Witch is on par with Marechausee
50;Gorou;Buffer Support;;Noblesse Oblige;;;The Exile;;;Husk of Opulent Dreams;Emblem of Severed Fate;;;;Energy Recharge;;;DEF%;;CRIT Rate (Favonius);DEF%;;Energy Recharge;CRIT Rate (Favonius);DEF%;Flat DEF;;;;220;250;Gorou is a buffer and should not be optimized for his personal damage. Finding the right set is tricky cause noblesse is not as helpfulf to def sclaing chars, but the exile is only a 4star. Husk is the least recommended option, but you often have husk from farming for his other team members anyway AND it boosts the healing from C4.
51;Hu Tao;Main DPS;;Crimson Witch of Flames;;;Shimenawa's Reminiscence;;With Furina;Marechaussee Hunter;;;;;HP%;Elemental Mastery;;Pyro DMG Bonus;;CRIT Rate/DMG;;;Elemental Mastery;CRIT Rate/DMG;HP%;;;Flat HP;;n/a;n/a;Shimenawa boosts attacks and charged attacks but means less burst
52;Hydro Traveler;Bloom DPS;;Flower of Paradise Lost;;;Gilded Dreams;;;Flower of Paradise Lost;Gilded Dreams;;;;Elemental Mastery;Energy Recharge;;Elemental Mastery;;Elemental Mastery;;;Elemental Mastery;Energy Recharge;HP%;Flat HP;;;;180;220;recommended to have nilou in the party, but hyperbloom also possible. 2pc combination only slightly worse than 4pc.
53;Hydro Traveler;Burst Support;;Noblesse Oblige;;;;;;;;;;;Energy Recharge;;;Hydro DMG Bonus;;CRIT Rate (Favonius);CRIT DMG;;Energy Recharge;CRIT Rate (Favonius);CRIT DMG;ATK%;;Flat ATK;;160;240;Any character can be a support if you just equip them with Noblesse Oblige and let them burst. Even the Hydro Traveler.
54;Hydro Traveler;Hydro Sub DPS;;Marechaussee Hunter;;;Heart of Depth;Golden Troupe;;;;;;;ATK%;HP%;;Hydro DMG Bonus;;CRIT Rate/DMG;;;CRIT Rate/DMG;Energy Recharge;HP%;ATK%;Elemental Mastery;Flat HP;Flat ATK;160;200;Personal damage is not the hydro travelers stregth
55;Jean;Healer/Support;;Viridescent Venerer;;;Viridescent Venerer;Gladiator's Finale;;;;;;;Energy Recharge;ATK%;;ATK%;Anemo DMG Bonus;Healing Bonus;CRIT Rate (Favonius);;Energy Recharge;ATK%;CRIT Rate (Favonius);Elemental Mastery;;Flat ATK;;140;200;VV is best due to resistance shred. If someone else is already using VV, pair it with gladiator to maximize Jean's damage output
56;Jean;Sunfire;;Viridescent Venerer;;;;;;;;;;;Elemental Mastery;Energy Recharge;;Elemental Mastery;;Elemental Mastery;;;Energy Recharge;Elemental Mastery;CRIT Rate (Favonius);;;;;140;200;Sunfire abuses the Pyro self-application from Bennett’s Burst, which is Swirled by the Anemo self-application from Jean’s Burst.
57;Kachina;Geo Sub DPS;;Scroll of the Hero of Cinder City;;;;;;;;;;;DEF%;Energy Recharge;;Geo DMG Bonus;;CRIT Rate/DMG;;;Energy Recharge;CRIT Rate/DMG;DEF%;;;Flat DEF;;100;120;
58;Kaedehara Kazuha;Anemo Support;;Viridescent Venerer;;;;;;;;;;;Elemental Mastery;Energy Recharge;;Elemental Mastery;;Elemental Mastery;;;Energy Recharge;CRIT Rate (Favonius);Elemental Mastery;;;;;190;215;
59;Kamisato Ayaka;Main DPS;;Blizzard Strayer;;;;;;;;;;;ATK%;;;Cryo DMG Bonus;;CRIT DMG;;;CRIT Rate/DMG;ATK%;Energy Recharge;;;Flat ATK;;100;160;
60;Kaveh;Bloom Driver;;Deepwood Memories;;;;;;;;;;;Energy Recharge;Elemental Mastery;;Elemental Mastery;;Elemental Mastery;CRIT Rate (Favonius);;Energy Recharge;CRIT Rate (Favonius);Elemental Mastery;;;;;180;200;Generalist set for Kaveh, usually used in Nilou Bloom teams. He is also a viable driver for burgeon oder hyperbloom even if he does not buff those reactions.
61;Kaveh;Maximum Clamage;;Ocean-Hued Clam;;;;;;;;;;;Energy Recharge;Elemental Mastery;;Elemental Mastery;;Healing Bonus;;;Energy Recharge;CRIT Rate (Favonius);Elemental Mastery;;;;;180;200;Putting Ocean-Hued Clam on someone who isn't a healer may seem counterintuitive at first, but Kaveh's Passive allows him to heal when getting hit by an exploding Dendro Core. This effect gets even stronger once you have his first Constellation. By staying on field for most of the time, Kaveh can utilize the Clam's damaging effect and from C1 onwards deals higher DPS than with Deepwood Memories this way. You should still make sure, however, that at least one of your party members is wearing Deepwood Memories for its resistance shred.
62;Kaveh;Spread/Hyperbloom/Burgeon;;Gilded Dreams;;;;;;;;;;;Energy Recharge;Elemental Mastery;;Elemental Mastery;Dendro DMG Bonus;Elemental Mastery;;;Energy Recharge;Elemental Mastery;CRIT Rate/DMG;ATK%;;Flat ATK;;180;200;This build focusses let's you play Kaveh in a Spread team but can also be used for Hyperbloom or Burgeon. Make sure someone else in your party has deepwood.
63;Kinich;Burning/Burgeon DPS;;Obsidian Codex;;;Unfinished Reverie;;;;;;;;ATK%;;;Dendro DMG Bonus;;CRIT DMG;CRIT Rate;;CRIT DMG;CRIT Rate;ATK%;Energy Recharge;Elemental Mastery;Flat ATK;;;;Reverie can only do burning reactions, whereas obsidian can also do burgeon
64;Kirara;Shielder;;Tenacity of the Millelith;Vourukasha's Glow;;Tenacity of the Millelith;;;;;;;;HP%;;;HP%;;HP%;;;HP%;Flat HP;;;;;;100;160;
65;Kirara;Support;;Deepwood Memories;;;Noblesse Oblige;;;;;;;;HP%;Energy Recharge;;HP%;;HP%;CRIT Rate (Favonius);;HP%;Energy Recharge;CRIT Rate (Favonius);Flat HP;;;;100;160;
66;Klee;Main DPS;;Crimson Witch of Flames;;;;;;;;;;;ATK%;Elemental Mastery;;Pyro DMG Bonus;;CRIT Rate/DMG;;;CRIT Rate/DMG;ATK%;Elemental Mastery;;;Flat ATK;;n/a;n/a;
67;Kujou Sara;Sub DPS;;Emblem of Severed Fate;;;;;;;;;;;Energy Recharge;ATK%;;Electro DMG Bonus;;CRIT Rate/DMG;;;Energy Recharge;CRIT Rate/DMG;ATK%;;;Flat ATK;;170;230;
68;Kujou Sara;Buffer Support;;Noblesse Oblige;;;;;;;;;;;Energy Recharge;ATK%;;Electro DMG Bonus;;CRIT Rate/DMG;;;Energy Recharge;CRIT Rate/DMG;ATK%;;;Flat ATK;;170;230;
69;Kuki Shinobu;Hyperbloom Trigger;;Flower of Paradise Lost;;;Gilded Dreams;;;;;;;;Elemental Mastery;;;Elemental Mastery;;Elemental Mastery;;;Elemental Mastery;Energy Recharge;HP%;Flat HP;;;;n/a;n/a;Flower is better, but gilded dreams is easier to farm because you need Deepwood for the team anyway
70;Kuki Shinobu;Healer;;Tenacity of the Millelith;;;;;;;;;;;HP%;Elemental Mastery;;HP%;Elemental Mastery;Healing Bonus;HP%;;HP%;Flat HP;Elemental Mastery;Energy Recharge;;;;n/a;n/a;
71;Layla;Shielder;;Tenacity of the Millelith;;;;;;;;;;;HP%;Energy Recharge;;HP%;;HP%;CRIT Rate (Favonius);;HP%;Flat HP;Energy Recharge;CRIT Rate (Favonius);;;;150;220;
72;Layla;Off-Field DPS;;Blizzard Strayer;;;;;;;;;;;HP%;Energy Recharge;;Cryo DMG Bonus;;CRIT Rate/DMG;;;CRIT Rate/DMG;Energy Recharge;HP%;;;Flat HP;;150;220;
73;Lynette;Off-Field Burst DPS;;Viridescent Venerer;;;Emblem of Severed Fate;;;Noblesse Oblige;;;;;Energy Recharge;ATK%;;Anemo DMG Bonus;ATK%;CRIT Rate/DMG;;;Energy Recharge;CRIT Rate/DMG;ATK%;Elemental Mastery;;Flat ATK;;140;200;VV as generalist, but if not needed in team, Emblem for maximizing own damage. NO can be used to buff, especially when paired with Xiao
74;Lynette;Swirl  Sub DPS;;Viridescent Venerer;;;;;;;;;;;Energy Recharge;Elemental Mastery;;Elemental Mastery;;Elemental Mastery;;;Energy Recharge;Elemental Mastery;CRIT Rate (Favonius);;;;;140;200;
75;Lynette;C6 On-Field DPS;;Marechaussee Hunter;;;Viridescent Venerer;;;;;;;;ATK%;;;Anemo DMG Bonus;;CRIT Rate/DMG;;;CRIT Rate/DMG;Energy Recharge;ATK%;Elemental Mastery;;Flat ATK;;140;170;Use MH to increase personal damage or VV if you are swirling the element of strong off-field dps's
76;Lyney;Main DPS;;Marechaussee Hunter;;;;;;;;;;;ATK%;;;Pyro DMG Bonus;;CRIT Rate/DMG;;;CRIT Rate/DMG;ATK%;Energy Recharge;Flat ATK;;;;120;135;
77;Mika;Healer/Buffer;;Noblesse Oblige;;;Ocean-Hued Clam;;;Song of Days Past;;;;;Energy Recharge;HP%;;HP%;;Healing Bonus;HP%;CRIT Rate (Favonius);Energy Recharge;CRIT Rate (Favonius);HP%;Flat HP;;;;170;200;Noblesse is strongly recommended but if either someone else in the team is using it better or no one can make use of the buff, Clam is the best alternative to maximize damage output. Alternatively songs of days past provides good healing but is not as resin-efficient to farm as clam. Without noblesse, ER can be ignored.
78;Mona;Hydro Support;;Noblesse Oblige;;;;;;;;;;;Energy Recharge;;;Hydro DMG Bonus;ATK%;CRIT Rate/DMG;;;Energy Recharge;CRIT Rate (Favonius);CRIT DMG;;;;;220;250;prioritize ER substats, with enough ER, Mona can gain enough  Hydro DMG Bonus to the point where ATK Goblet is better
79;Mona;Off-Field Burst DPS;;Emblem of Severed Fate;;;;;;;;;;;ATK%;Elemental Mastery;;Hydro DMG Bonus;;CRIT Rate/DMG;;;Energy Recharge;CRIT Rate/DMG;ATK%;;;Flat ATK;;150;200;
80;Mualani;Main DPS;;Obsidian Codex;;;Heart of Depth;;;;;;;;HP%;Elemental Mastery;;Hydro DMG Bonus;HP%;CRIT DMG;HP%;;CRIT DMG;HP%;Elemental Mastery;CRIT Rate;Energy Recharge;Flat HP;;n/a;n/a;do not farm heart of depth, only use it if you already have it
81;Nahida;Dendro Reaction Support;;Deepwood Memories;;;;;;;;;;;Elemental Mastery;;;Elemental Mastery;Dendro DMG Bonus;Elemental Mastery;CRIT Rate/DMG;;Elemental Mastery;CRIT Rate/DMG;ATK%;Energy Recharge;;Flat ATK;;100;160;Generalist set for personal damage and dendro reactions. Only one per party needed, nahida is the best holder.
82;Nahida;Off-Field DPS;;Golden Troupe;;;Gilded Dreams;;;;;;;;Elemental Mastery;;;Dendro DMG Bonus;Elemental Mastery;Elemental Mastery;CRIT Rate/DMG;;Elemental Mastery;CRIT Rate/DMG;ATK%;Energy Recharge;;Flat ATK;;100;160;Maximizes Nahida's personal damage, preferable when she is the only dendro in party. Gilded not recommended if Nahida doesnt trigger many reactions
83;Nahida;ATK Buffer;;Tenacity of the Millelith;;;;;;;;;;;Elemental Mastery;;;Elemental Mastery;Dendro DMG Bonus;Elemental Mastery;CRIT Rate/DMG;;Elemental Mastery;CRIT Rate/DMG;ATK%;Energy Recharge;;Flat ATK;;100;160;Potential Best-in-Slot if the team has ATK-scaling characters who deal significantly more damage than Nahida (e.g., Yae Miko, Fischl)
84;Navia;Main DPS;;Nighttime Whispers in the Echoing Woods;;With Furina;Marechaussee Hunter;;;;;;;;ATK%;Energy Recharge;;Geo DMG Bonus;;CRIT Rate/DMG;;;CRIT Rate/DMG;ATK%;Energy Recharge;;;Flat ATK;;120;160;go for crit dmg when building MH, because rate comes from set bonus
85;Neuvillette;Main DPS;;Marechaussee Hunter;;;;;;;;;;;HP%;;;Hydro DMG Bonus;HP%;CRIT DMG;CRIT Rate;;HP%;CRIT DMG;CRIT Rate;Energy Recharge;Elemental Mastery (Vape);Flat HP;;140;160;
86;Nilou;Off-Field Bloom Support;;Tenacity of the Millelith;Vourukasha's Glow;;Tenacity of the Millelith;Wanderer's Troupe;;;;;;;HP%;;;HP%;;HP%;;;HP%;Elemental Mastery;Flat HP;;;;;100;130;
87;Noelle;Main DPS;;Husk of Opulent Dreams;;With Furina;Marechaussee Hunter;;;;;;;;DEF%;;;Geo DMG Bonus;;CRIT Rate/DMG;;;CRIT Rate/DMG;DEF%;ATK%;Energy Recharge;;Flat DEF;Flat ATK;100;150;
88;Noelle;On-Field Support;;Archaic Petra;;;;;;;;;;;Energy Recharge;;;DEF%;;DEF%;Healing Bonus;;Energy Recharge;DEF%;Flat DEF;;;;;200;300;Niche build that does not go for Noelle's personal damage. Mainly played with Furina, Yelan and Xinqiu who are all off-field but gain hydro damage bonus from the crystal shards.
89;Qiqi;Damage Healer;;Ocean-Hued Clam;;;;;;;;;;;ATK%;;;ATK%;Physical DMG Bonus;Healing Bonus;CRIT Rate/DMG;;ATK%;CRIT Rate/DMG;Energy Recharge;;;Flat ATK;;200;300;
90;Raiden Shogun;Main DPS;;Emblem of Severed Fate;;;;;;;;;;;Energy Recharge;ATK%;;Electro DMG Bonus;ATK%;CRIT Rate/DMG;;;CRIT Rate/DMG;Energy Recharge;ATK%;;;Flat ATK;;200;250;if you have weapon, ER always better than attack
91;Raiden Shogun;Hyperbloom Sub DPS;;Flower of Paradise Lost;;;Gilded Dreams;;;;;;;;Elemental Mastery;;;Elemental Mastery;;Elemental Mastery;;;Elemental Mastery;CRIT Rate (Favonius);;;;;;n/a;n/a;Flower of Paradise lost gives more damage but Gilded dreams is easier to farm if you nee deepwood memories for your dendro support
92;Rosaria;Reverse Melt DPS;;Gilded Dreams;;;Lavawalker;;;;;;;;Elemental Mastery;ATK%;;Cryo DMG Bonus;;CRIT Rate;CRIT DMG;;Energy Recharge;CRIT Rate;CRIT DMG;Elemental Mastery;ATK%;Flat ATK;;190;240;Gilded dreams is recommended, Lavawalker can be used if you have great pieces. If you are struggling with ER, Emblem is the better option for you.
93;Rosaria;Freeze Sub DPS;;Blizzard Strayer;;;;;;;;;;;Energy Recharge;ATK%;;Cryo DMG Bonus;;CRIT DMG;CRIT Rate;;Energy Recharge;CRIT DMG;CRIT Rate;ATK%;;Flat ATK;;190;240;do not go over 45% crit rate
94;Rosaria;All-purpose Cryo Sub DPS;;Emblem of Severed Fate;;;;;;;;;;;Energy Recharge;ATK%;;Cryo DMG Bonus;;CRIT DMG;CRIT Rate;;Energy Recharge;CRIT DMG;CRIT Rate;ATK%;;Flat ATK;;190;240;Prioritize CRate over DMG to maximize Rosaria's passive crit buff
95;Rosaria;Cryo Support;;Noblesse Oblige;;;;;;;;;;;Energy Recharge;;;Cryo DMG Bonus;;CRIT Rate;CRIT DMG;;Energy Recharge;CRIT Rate;CRIT DMG;ATK%;;Flat ATK;;190;240;
96;Sangonomiya Kokomi;Healer;;Ocean-Hued Clam;;;Tenacity of the Millelith;;;;;;;;HP%;Energy Recharge;;HP%;Hydro DMG Bonus;Healing Bonus;HP%;;HP%;Flat HP;Energy Recharge;;;;;170;220;Clam increases Kokomi's personal damage and is good for on-field during her burst, milelith buffs the rest of the party and is good for an off-field Kokomi
97;Sayu;Support/Healer;;Viridescent Venerer;;;;;;;;;;;Energy Recharge;ATK%;Elemental Mastery;ATK%;Elemental Mastery;Healing Bonus;Elemental Mastery;CRIT Rate/DMG;Energy Recharge;ATK%;Elemental Mastery;CRIT Rate (Favonius);;;;150;200;
98;Sayu;Swirl Driver;;Viridescent Venerer;;;;;;;;;;;Elemental Mastery;ATK%;;Elemental Mastery;Anemo DMG Bonus;Elemental Mastery;CRIT Rate/DMG;;Elemental Mastery;CRIT Rate/DMG;ATK%;Energy Recharge;;;;100;140;
99;Sethos;Aggravate Main DPS;Recommended Set;Wanderer's Troupe;;Second Choice;Desert Pavilion Chronicle;;Third Choice;Gilded Dreams;;;;;Elemental Mastery;Energy Recharge;;Electro DMG Bonus;;CRIT Rate/DMG;;;Energy Recharge;CRIT Rate/DMG;Elemental Mastery;ATK%;;Flat ATK;;130;160;
100;Shenhe;Buffer Support;;Noblesse Oblige;;;Gladiator's Finale;Shimenawa's Reminiscence;;;;;;;Energy Recharge;ATK%;;ATK%;;ATK%;;;ATK%;Energy Recharge;CRIT Rate/DMG;Flat ATK;;;;160;200;Use 2pc combinations if NO is already in your party
101;Shikanoin Heizou;Swirl Driver;;Viridescent Venerer;;;;;;;;;;;Elemental Mastery;;;Elemental Mastery;;Elemental Mastery;;;Elemental Mastery;Energy Recharge;;;;;;100;180;
102;Shikanoin Heizou;Main DPS;;Golden Troupe;;;Viridescent Venerer;Gladiator's Finale;;Desert Pavilion Chronicle;;;;;ATK%;;;Anemo DMG Bonus;;CRIT Rate/DMG;;;CRIT Rate/DMG;ATK%;Elemental Mastery;Energy Recharge;;Flat ATK;;100;180;Golden Troupe is usually the best, but the other constellations can compete if substats are good
103;Shikanoin Heizou;Hybrid DPS;;Viridescent Venerer;;;;;;;;;;;ATK%;;;Anemo DMG Bonus;;CRIT Rate/DMG;;;CRIT Rate/DMG;ATK%;Elemental Mastery;Energy Recharge;;Flat ATK;;100;180;This build goes for both his personal damage output and swirl reactions and does neither as good as the more focussed builds
104;Sigewinne;Healer;;Ocean-Hued Clam;;;Song of Days Past;;;;;;;;HP%;Energy Recharge;;HP%;;HP%;;;HP%;Flat HP;CRIT Rate/DMG;Energy Recharge;;;;130;200;Sigewinne as a healer can forgo ER
105;Sucrose;Anemo Support/Driver;;Viridescent Venerer;;;;;;;;;;;Energy Recharge;Elemental Mastery;;Elemental Mastery;;Elemental Mastery;;;Energy Recharge;Elemental Mastery;;;;;;140;200;Off-field playstyle requires ER, on field driver can forgo ER
106;Thoma;Burgeon Sub DPS;;Flower of Paradise Lost;;;Gilded Dreams;;;;;;;;Energy Recharge;Elemental Mastery;;Elemental Mastery;;Elemental Mastery;;;Energy Recharge;Elemental Mastery;HP%;Flat HP;;;;165;250;Gilded dreams can also be used for burning.
107;Thoma;Burning Sub DPS;;Gilded Dreams;;;Gilded Dreams;Wanderer's Troupe;;;;;;;Energy Recharge;Elemental Mastery;;Elemental Mastery;;Elemental Mastery;;;Energy Recharge;Elemental Mastery;HP%;Flat HP;;;;165;250;If you want to do burgeon, switch to flower of paradise lost
108;Thoma;Off-Field Burst Support;;Noblesse Oblige;;;;;;;;;;;Energy Recharge;HP%;;HP%;;CRIT Rate (Favonius);HP%;;Energy Recharge;CRIT Rate (Favonius);HP%;Flat HP;;;;;;
109;Thoma;Shielder;;Tenacity of the Millelith;Emblem of Severed Fate;;;;;;;;;;HP%;Energy Recharge;;HP%;;HP%;CRIT Rate (Favonius);;Energy Recharge;CRIT Rate (Favonius);HP%;Flat HP;;;;;;build for pure shielding, needs to get burst up to shield
110;Tighnari;Dendro Sub DPS;Recommended Set;Wanderer's Troupe;;Equally Good;Gilded Dreams;;For Resistance Shred;Deepwood Memories;;;;;ATK%;Elemental Mastery;;Dendro DMG Bonus;;CRIT Rate/DMG;;;CRIT Rate/DMG;ATK%;Elemental Mastery;Energy Recharge;;Flat ATK;;120;170;You will need one Deepwood in your party. If no one else can wear this, put it on Tighnari.
111;Venti;Swirl Sub DPS;;Viridescent Venerer;;;;;;;;;;;Elemental Mastery;;;Elemental Mastery;;Elemental Mastery;CRIT Rate (Favonius);;Elemental Mastery;Energy Recharge;CRIT Rate (Favonius);CRIT DMG;ATK%;Flat ATK;;165;200;
112;Venti;Crit Burst DPS;;Viridescent Venerer;;;;;;;;;;;ATK%;;;Anemo DMG Bonus;;CRIT Rate/DMG;;;CRIT Rate/DMG;Energy Recharge;Elemental Mastery;;;;;165;200;
113;Wanderer;Main DPS;;Desert Pavilion Chronicle;;;Shimenawa's Reminiscence;;;;;;;;ATK%;;;Anemo DMG Bonus;;CRIT Rate/DMG;;;CRIT Rate/DMG;ATK%;Energy Recharge;;;Flat ATK;;105;135;do not farm shimenawa, only use if if you dont wanna farm pavilion and have it lying around
114;Wriothesley;Melt Main DPS;;Marechaussee Hunter;;;Shimenawa's Reminiscence;;;;;;;;Elemental Mastery;ATK%;;Cryo DMG Bonus;;CRIT DMG;CRIT Rate;;CRIT DMG;CRIT Rate;Elemental Mastery;ATK%;;Flat ATK;;100;125;MH is BiS, shimenawa is second
115;Wriothesley;Freeze/Mono Cryo Main DPS;;Marechaussee Hunter;;;Shimenawa's Reminiscence;;;Blizzard Strayer;;;;;ATK%;;;Cryo DMG Bonus;;CRIT DMG;CRIT Rate;;CRIT DMG;CRIT Rate;ATK%;;;Flat ATK;;100;125;MH is BiS, shimenawa and blizzard are second best
116;Wriothesley;Burnmelt DPS;;Unfinished Reverie;;;;;;;;;;;Elemental Mastery;ATK%;;Cryo DMG Bonus;;CRIT DMG;CRIT Rate;;CRIT DMG;CRIT Rate;Elemental Mastery;ATK%;;Flat ATK;;100;125;
117;Xiangling;Off-Field Burst DPS;;Emblem of Severed Fate;;;Crimson Witch of Flames;;;Gilded Dreams;;;;;Energy Recharge;Elemental Mastery;ATK%;Pyro DMG Bonus;;CRIT Rate/DMG;;;Energy Recharge;CRIT Rate/DMG;ATK%;Elemental Mastery;;Flat ATK;;200;280;Emblem is the best set, the others are worse alternatives that are still valid if you have them lying around
118;Xianyun;Plunge Support;Recommended Set;Viridescent Venerer;;Recommended Set;Ocean-Hued Clam;;Alternative Set;Noblesse Oblige;;Alternative Set;Song of Days Past;;Energy Recharge;ATK%;;ATK%;;ATK%;;;Energy Recharge;ATK%;Flat ATK;CRIT Rate (Favonius);;;;200;300;Use VV if there is something to swirl (on or off field), otherwise you can go for clamage. If no one else in the party has NO, it's very valid. Songs is worse than clam but still valid if you have. 4500 ATK maximum
119;Xilonen;Resistance Shredder Support;;Scroll of the Hero of Cinder City;;;;;;;;;;;DEF%;Energy Recharge;;DEF%;;DEF%;Healing Bonus;CRIT Rate (Favonius);DEF%;Energy Recharge;CRIT Rate (Favonius);;;Flat DEF;;170;200;
120;Xingqiu;Hydro Sub DPS;;Emblem of Severed Fate;;;Noblesse Oblige;;;;;;;;ATK%;Energy Recharge;;Hydro DMG Bonus;;CRIT Rate (Favonius);CRIT DMG;;Energy Recharge;CRIT Rate (Favonius);CRIT DMG;ATK%;;Flat ATK;;150;220;Emblem is easier to farm, but if no one else in the team has noblesse, xinqiu should be wearing it
121;Xinyan;Physical Main DPS;;Pale Flame;;;Pale Flame;Bloodstained Chivalry;;Gladiator's Finale;;;;;ATK%;Energy Recharge;;Physical DMG Bonus;;CRIT Rate/DMG;;;CRIT Rate/DMG;Energy Recharge;ATK%;DEF%;;Flat ATK;Flat DEF;160;200;
122;Xinyan;Shielder;;Tenacity of the Millelith;;;;;;;;;;;DEF%;;;DEF%;;DEF%;;;DEF%;Flat DEF;;;;;;n/a;n/a;
123;Yae Miko;Electro Sub DPS;;Golden Troupe;;;;;;;;;;;ATK%;;;Electro DMG Bonus;;CRIT Rate/DMG;;;CRIT Rate/DMG;ATK%;Energy Recharge;;;Flat ATK;;100;160;
124;Yae Miko;Aggravate Sub DPS;;Gilded Dreams;;;;;;;;;;;Elemental Mastery;;;Electro DMG Bonus;;CRIT Rate/DMG;;;CRIT Rate/DMG;Elemental Mastery;ATK%;Energy Recharge;;Flat ATK;;100;160;
125;Yanfei;Main DPS;;Crimson Witch of Flames;;;Gilded Dreams;;;Wanderer's Troupe;;With Furina;Marechaussee Hunter;;Elemental Mastery;ATK%;;Pyro DMG Bonus;;CRIT Rate/DMG;;;CRIT Rate;CRIT DMG;Elemental Mastery (Vape);ATK%;;Flat ATK;;100;120;
126;Yanfei;Pyro Reaction DPS;;Gilded Dreams;;;;;;;;;;;Elemental Mastery;;;Elemental Mastery;;Elemental Mastery;;;CRIT DMG;ATK%;Energy Recharge;;;Flat ATK;;100;120;This build focusses on DPS through transformative reactions (i.e. burgeon, burning and overloaded)
127;Yaoyao;Healer/Support;;Deepwood Memories;;;Tenacity of the Millelith;;;;;;;;Energy Recharge;HP%;;HP%;;HP%;Healing Bonus;;Energy Recharge;CRIT Rate (Favonius);HP%;Flat HP;;;;180;230;Deepwood for resistance shred. But if someone else in the party needs it more and the party can benefit from an ATK buff, milelith is a good alternative.
128;Yaoyao;Nilou Bloom Support;;Deepwood Memories;;;;;;;;;;;Elemental Mastery;;;Elemental Mastery;;Elemental Mastery;;;Elemental Mastery;Energy Recharge;CRIT Rate (Favonius);CRIT DMG;;;;180;230;
129;Yelan;Hydro Sub DPS;;Emblem of Severed Fate;;;;;;;;;;;HP%;Energy Recharge;;Hydro DMG Bonus;;CRIT Rate/DMG;;;Energy Recharge;CRIT Rate/DMG;HP%;;;Flat HP;;150;250;
130;Yoimiya;Main DPS;;Shimenawa's Reminiscence;;;;;;;;;;;ATK%;;;Pyro DMG Bonus;;CRIT Rate/DMG;;;CRIT Rate/DMG;ATK%;Energy Recharge;;;Flat ATK;;n/a;n/a;Use Witch or Gilded if you play Vape
131;Yoimiya;Vaporize DPS;;Crimson Witch of Flames;;;Gilded Dreams;;;Marechaussee Hunter;;;;;Elemental Mastery;;;Pyro DMG Bonus;;CRIT Rate/DMG;;;CRIT Rate/DMG;ATK%;Elemental Mastery;Energy Recharge;;Flat ATK;;n/a;n/a;MH when you play with Furina
132;Yun Jin;Buffer Support;;Husk of Opulent Dreams;;;Husk of Opulent Dreams;Emblem of Severed Fate;;;;;;;DEF%;Energy Recharge;;DEF%;;DEF%;;;Energy Recharge;CRIT Rate (Favonius);DEF%;Flat DEF;;;;180;260;Husk can be used in a 2PC combo with emblem to facilitate ER, even more valid when emblem has great substats
133;Zhongli;Shielder/Buffer;;Tenacity of the Millelith;;;;;;;;;;;HP%;;;HP%;;HP%;;;HP%;Flat HP;;;;;;n/a;n/a;
134;Zhongli;Shielder++;;Tenacity of the Millelith;Vourukasha's Glow;;;;;;;;;;HP%;;;HP%;;HP%;;;HP%;Flat HP;;;;;;n/a;n/a;
